transaction_id,user_id,timestamp,amount,location,device_type,ip_address,transaction_type,is_new_device,is_new_location,num_txn_last_10min,is_fraud
T631228,U192,2025-04-19 19:35:32,29453.45,Delhi,Web,230.213.227.67,P2P,0,0,1,0
T304020,U152,2025-04-19 13:11:19,18107.66,Chennai,iOS,57.235.125.237,Merchant,0,0,2,0
T801021,U116,2025-04-19 08:31:52,18438.19,Bangalore,Web,53.12.65.232,Merchant,0,0,0,0
T478036,U177,2025-04-19 19:33:45,35390.01,Mumbai,Web,218.152.146.22,Merchant,0,0,1,0
T516632,U135,2025-04-19 01:36:46,41275.34,Pune,iOS,54.251.24.81,P2P,0,0,0,0
T401185,U142,2025-04-19 11:04:06,39325.75,Delhi,Android,123.248.99.123,Recharge,1,1,8,1
T921105,U137,2025-04-19 21:54:08,30901.54,Mumbai,Web,151.120.148.131,Recharge,0,0,1,0
T328444,U171,2025-04-19 03:43:36,26716.54,Hyderabad,Web,22.137.134.194,Recharge,0,1,3,0
T906377,U166,2025-04-19 16:16:42,24399.56,Mumbai,Android,147.173.38.158,Recharge,0,0,0,0
T857188,U118,2025-04-19 20:55:06,39106.09,Hyderabad,iOS,167.137.8.98,P2P,1,0,2,0
T755508,U136,2025-04-19 16:35:35,24318.86,Delhi,iOS,55.196.62.89,Recharge,1,0,0,0
T999532,U124,2025-04-19 13:20:14,14819.18,Chennai,iOS,183.123.180.102,Merchant,0,0,2,0
T777068,U141,2025-04-19 15:43:55,49185.52,Mumbai,iOS,218.28.238.199,Merchant,0,0,0,0
T231883,U144,2025-04-19 18:29:51,20263.06,Kolkata,Web,210.89.253.161,P2P,0,0,3,0
T160257,U177,2025-04-19 12:52:45,24056.05,Pune,Web,159.27.122.49,Merchant,0,1,2,0
T875250,U125,2025-04-19 05:57:29,46362.53,Pune,Android,102.206.244.32,Merchant,0,0,1,0
T605672,U167,2025-04-19 03:56:01,38397.56,Chennai,Web,15.106.10.111,Recharge,0,0,0,0
T282514,U126,2025-04-19 22:05:17,32896.24,Chennai,iOS,48.218.48.215,Recharge,1,0,2,0
T808421,U120,2025-04-19 23:12:13,11809.98,Pune,iOS,66.119.48.244,P2P,1,1,7,1
T980423,U112,2025-04-19 01:14:27,26691.55,Delhi,Web,252.198.139.231,P2P,0,0,1,0
T525302,U189,2025-04-19 06:01:12,31348.62,Kolkata,Web,53.210.71.115,Merchant,0,0,0,0
T222991,U121,2025-04-19 18:01:13,10212.82,Delhi,Web,233.46.130.159,Merchant,0,1,2,0
T917170,U107,2025-04-19 03:06:54,38594.49,Hyderabad,iOS,89.182.83.111,Merchant,0,0,2,0
T503808,U173,2025-04-19 11:26:16,16645.87,Pune,Android,74.43.201.96,P2P,0,0,1,0
T775431,U184,2025-04-19 12:52:01,18819.13,Mumbai,Android,193.152.235.237,Recharge,0,0,1,0
T591487,U145,2025-04-19 04:23:36,8689.17,Kolkata,iOS,83.27.246.109,Recharge,0,0,0,0
T225467,U108,2025-04-19 20:42:23,22341.26,Mumbai,Android,106.157.143.225,Recharge,0,0,1,0
T597241,U184,2025-04-19 23:54:32,45737.83,Bangalore,Web,95.123.122.212,Merchant,1,0,1,0
T601377,U121,2025-04-19 05:33:41,27763.56,Pune,iOS,110.49.123.146,Merchant,0,0,1,0
T813507,U158,2025-04-19 09:58:02,33081.1,Pune,Android,175.57.6.50,P2P,1,1,7,1
T489503,U132,2025-04-19 21:55:03,3522.08,Chennai,iOS,84.136.20.48,Merchant,0,0,3,0
T341249,U155,2025-04-19 23:32:09,43238.02,Hyderabad,Web,121.112.244.121,Recharge,0,0,3,0
T520240,U178,2025-04-19 22:54:46,43096.3,Bangalore,iOS,216.142.153.210,P2P,0,0,0,0
T406876,U166,2025-04-19 07:58:02,19592.09,Mumbai,iOS,143.107.20.159,P2P,1,0,1,0
T516529,U114,2025-04-19 08:19:14,27644.05,Chennai,Android,65.47.74.109,Recharge,0,1,1,0
T965990,U142,2025-04-19 00:18:48,42541.79,Hyderabad,Android,237.70.167.134,Recharge,0,1,0,0
T140607,U170,2025-04-19 19:18:10,37992.69,Bangalore,Android,83.203.230.127,Merchant,1,1,5,1
T865244,U150,2025-04-19 20:11:53,3561.37,Bangalore,Android,21.82.19.148,Merchant,0,0,3,0
T600058,U144,2025-04-19 15:07:21,32839.7,Pune,Android,57.175.224.46,P2P,0,0,0,0
T228461,U183,2025-04-19 19:05:15,11131.6,Bangalore,Android,177.251.216.76,Recharge,0,0,0,0
T498923,U166,2025-04-19 04:40:12,20873.81,Delhi,Web,57.170.122.100,Recharge,0,0,3,0
T874680,U150,2025-04-19 18:20:37,49935.18,Delhi,Android,159.196.106.99,Merchant,0,0,2,0
T791254,U107,2025-04-19 23:21:11,19138.45,Kolkata,Android,216.60.19.140,Recharge,0,0,2,0
T722665,U175,2025-04-19 03:25:51,21653.68,Bangalore,Android,240.225.66.35,Recharge,0,0,1,0
T429188,U194,2025-04-19 22:39:08,20849.43,Kolkata,Web,9.197.176.180,Recharge,0,0,0,0
T509223,U132,2025-04-19 11:50:41,15641.38,Mumbai,Android,255.167.175.33,Merchant,1,0,3,0
T486658,U185,2025-04-19 07:26:12,6541.03,Kolkata,iOS,74.91.53.127,Merchant,1,1,7,1
T753446,U138,2025-04-19 01:54:33,35158.67,Chennai,iOS,14.240.179.134,Merchant,0,0,0,0
T606264,U183,2025-04-19 11:24:40,3008.27,Hyderabad,Web,47.240.163.234,Recharge,1,1,10,1
T540165,U102,2025-04-19 16:53:47,14762.92,Chennai,Web,42.72.45.164,Recharge,0,0,1,0
T402997,U120,2025-04-19 05:15:23,35190.53,Mumbai,iOS,190.168.40.250,P2P,1,0,3,0
T715219,U165,2025-04-19 06:35:13,47161.28,Kolkata,iOS,147.165.3.207,Recharge,0,1,2,0
T845996,U140,2025-04-19 19:53:27,10597.18,Kolkata,Web,128.143.240.139,Merchant,1,1,5,1
T761638,U121,2025-04-19 12:10:53,15193.95,Mumbai,Android,106.74.120.217,Merchant,0,0,0,0
T762797,U136,2025-04-19 15:27:07,38823.17,Hyderabad,Web,252.238.152.140,Recharge,0,0,2,0
T787602,U114,2025-04-19 23:13:14,36338.52,Pune,Android,98.91.174.43,Recharge,0,0,0,0
T410904,U123,2025-04-19 20:07:56,45282.67,Delhi,Android,29.135.184.136,Merchant,0,0,2,0
T316827,U120,2025-04-19 23:25:49,44337.24,Hyderabad,Web,103.80.205.247,P2P,0,0,2,0
T483061,U187,2025-04-19 11:27:19,10271.89,Kolkata,Android,183.39.5.40,Merchant,1,0,0,0
T980055,U115,2025-04-19 02:21:40,20652.41,Delhi,iOS,60.194.53.40,Recharge,0,0,0,0
T267440,U170,2025-04-19 09:33:53,37119.5,Hyderabad,Web,44.166.55.154,P2P,0,0,0,0
T800024,U133,2025-04-19 04:49:51,12576.52,Mumbai,iOS,165.133.152.173,Recharge,0,0,1,0
T450084,U164,2025-04-19 12:51:23,17107.19,Mumbai,Web,86.70.44.200,P2P,0,0,0,0
T453125,U148,2025-04-19 13:49:13,2311.06,Kolkata,iOS,247.215.218.117,Merchant,0,1,0,0
T153718,U193,2025-04-19 02:39:47,20467.87,Chennai,Android,185.135.14.63,Recharge,0,0,2,0
T690962,U188,2025-04-19 01:11:48,31379.47,Mumbai,iOS,180.228.77.121,Recharge,0,1,2,0
T494118,U119,2025-04-19 12:48:16,39716.87,Pune,Android,4.35.130.226,Merchant,0,0,1,0
T679937,U143,2025-04-19 20:15:46,23016.04,Pune,Web,92.236.25.84,Recharge,0,0,2,0
T795208,U120,2025-04-19 01:39:23,45139.04,Mumbai,iOS,176.15.196.161,P2P,1,1,7,1
T308579,U135,2025-04-19 02:57:30,118.88,Chennai,Android,5.52.176.173,Recharge,0,0,2,0
T425794,U177,2025-04-19 15:25:55,8203.22,Hyderabad,iOS,163.54.105.227,Merchant,0,1,2,0
T403627,U173,2025-04-19 02:18:39,23214.97,Hyderabad,Web,194.81.182.63,P2P,1,0,0,0
T891881,U127,2025-04-19 21:37:46,43301.37,Chennai,Web,92.31.34.25,Merchant,1,1,5,1
T424292,U172,2025-04-19 21:43:53,26472.69,Pune,iOS,91.85.77.253,Recharge,0,0,1,0
T425621,U165,2025-04-19 22:00:04,20763.15,Mumbai,Web,214.174.163.24,Recharge,0,0,0,0
T752206,U199,2025-04-19 03:56:19,15868.46,Pune,iOS,211.233.18.126,Recharge,0,0,3,0
T859894,U112,2025-04-19 02:19:27,24024.49,Bangalore,Web,226.207.69.20,P2P,1,1,8,1
T322531,U156,2025-04-19 09:34:04,14017.26,Bangalore,iOS,212.187.61.100,P2P,0,0,3,0
T192387,U113,2025-04-19 15:40:59,2676.61,Bangalore,iOS,154.42.213.193,Recharge,0,0,1,0
T515891,U123,2025-04-19 18:14:22,36455.45,Bangalore,Android,157.141.49.92,Recharge,0,0,2,0
T530997,U121,2025-04-19 19:23:16,15383.64,Chennai,Android,85.178.147.40,Recharge,0,0,1,0
T299979,U182,2025-04-19 10:51:44,2621.51,Hyderabad,Web,96.247.121.65,P2P,1,1,6,1
T642436,U145,2025-04-19 14:35:46,18702.82,Bangalore,Android,131.156.86.190,Merchant,0,1,0,0
T767100,U169,2025-04-19 23:18:40,25970.04,Pune,Android,178.243.241.29,Merchant,0,0,2,0
T888012,U196,2025-04-19 02:59:06,38456.79,Chennai,Web,209.252.192.222,Recharge,0,0,2,0
T700853,U182,2025-04-19 04:00:52,33876.54,Hyderabad,Web,28.102.233.223,P2P,0,0,0,0
T693648,U104,2025-04-19 06:34:49,22749.6,Mumbai,iOS,34.222.5.236,P2P,0,1,0,0
T619214,U179,2025-04-19 00:45:48,34696.92,Delhi,Web,41.49.81.180,P2P,1,1,6,1
T477021,U135,2025-04-19 14:23:02,27032.16,Hyderabad,Web,5.217.123.46,Recharge,1,1,6,1
T648436,U150,2025-04-19 08:28:22,16546.32,Chennai,Android,94.17.156.220,Recharge,1,0,2,0
T655969,U144,2025-04-19 23:58:15,40711.37,Pune,Web,148.45.221.59,Merchant,0,0,1,0
T560572,U128,2025-04-19 16:28:58,25504.82,Hyderabad,Android,203.28.41.144,P2P,1,0,1,0
T384881,U166,2025-04-19 05:42:13,2935.19,Bangalore,Web,96.2.39.206,P2P,0,0,2,0
T123261,U122,2025-04-19 17:49:38,19729.51,Bangalore,iOS,233.78.7.72,Recharge,0,1,0,0
T552555,U122,2025-04-19 16:46:38,33541.75,Hyderabad,Web,40.8.224.45,Recharge,1,1,0,0
T782905,U187,2025-04-19 17:13:32,33494.06,Hyderabad,iOS,38.115.198.59,P2P,0,0,0,0
T665699,U139,2025-04-19 02:56:34,45948.83,Chennai,Web,136.115.246.227,Merchant,0,0,0,0
T445291,U124,2025-04-19 11:00:42,43215.41,Kolkata,Web,184.68.25.3,Merchant,0,0,2,0
T777570,U118,2025-04-19 23:16:12,11531.9,Hyderabad,iOS,188.89.106.54,Merchant,0,0,1,0
T208127,U108,2025-04-19 16:59:46,22020.33,Bangalore,Android,169.137.25.103,Recharge,1,0,1,0
T356283,U109,2025-04-19 04:53:43,1733.65,Pune,Android,217.190.69.192,P2P,0,0,1,0
T196529,U192,2025-04-19 17:05:38,24651.47,Hyderabad,Web,151.79.45.252,Recharge,0,0,3,0
T336663,U178,2025-04-19 09:05:46,41462.13,Pune,Web,25.192.222.145,Merchant,0,0,0,0
T556442,U128,2025-04-19 11:51:41,25963.03,Chennai,Android,136.169.122.201,Recharge,0,0,0,0
T617965,U151,2025-04-19 22:53:40,16676.33,Bangalore,iOS,74.213.226.139,Recharge,0,0,0,0
T389322,U143,2025-04-19 18:05:12,44731.68,Kolkata,Web,2.152.177.107,Recharge,0,0,3,0
T605601,U163,2025-04-19 07:51:13,12953.44,Hyderabad,iOS,4.141.90.231,P2P,0,0,0,0
T456876,U172,2025-04-19 14:55:17,10231.3,Kolkata,Web,47.227.112.119,Recharge,0,0,2,0
T220907,U161,2025-04-19 16:47:19,10569.91,Bangalore,Web,3.205.176.209,Merchant,0,0,3,0
T408097,U147,2025-04-19 03:49:20,47617.11,Delhi,iOS,237.78.177.43,Merchant,0,0,3,0
T109845,U127,2025-04-19 21:41:42,22766.03,Bangalore,iOS,12.215.189.140,Recharge,1,1,8,1
T914339,U157,2025-04-19 01:03:24,44778.68,Mumbai,Android,218.6.195.234,Recharge,0,0,2,0
T826855,U154,2025-04-19 12:11:21,13960.76,Delhi,Android,62.147.108.125,Merchant,1,1,7,1
T323283,U142,2025-04-19 18:56:59,33052.56,Mumbai,Android,209.186.132.174,P2P,0,0,3,0
T404228,U157,2025-04-19 15:31:28,39463.58,Bangalore,Android,220.22.179.83,P2P,1,1,1,0
T766516,U173,2025-04-19 02:20:49,12854.84,Delhi,iOS,189.45.11.2,Recharge,0,0,1,0
T478498,U104,2025-04-19 08:31:43,29632.44,Delhi,Web,247.204.146.111,Merchant,0,0,0,0
T862021,U166,2025-04-19 23:55:41,13595.37,Hyderabad,Android,116.104.221.109,Merchant,0,0,3,0
T786462,U161,2025-04-19 08:52:45,45412.46,Hyderabad,Web,69.87.63.233,Merchant,0,1,0,0
T875900,U128,2025-04-19 01:51:58,699.59,Pune,Web,103.249.54.245,Recharge,1,1,3,0
T669458,U191,2025-04-19 09:19:45,32826.03,Bangalore,Android,14.194.33.2,Merchant,0,0,2,0
T692273,U180,2025-04-19 21:44:22,32560.46,Mumbai,iOS,54.69.17.191,P2P,1,1,7,1
T168646,U187,2025-04-19 19:07:08,41221.93,Kolkata,Android,17.26.153.192,Recharge,0,0,1,0
T342688,U111,2025-04-19 14:44:01,45455.3,Bangalore,Web,125.222.245.3,P2P,0,0,0,0
T298534,U189,2025-04-19 03:34:53,26055.78,Mumbai,Web,229.136.85.221,Merchant,0,0,1,0
T592689,U181,2025-04-19 13:28:54,45433.69,Kolkata,iOS,229.90.191.240,P2P,1,0,1,0
T654642,U117,2025-04-19 06:09:17,21040.34,Delhi,Web,135.217.41.117,Merchant,1,0,1,0
T210787,U166,2025-04-19 05:44:15,1836.26,Delhi,Web,71.216.68.115,P2P,0,0,0,0
T106212,U168,2025-04-19 08:33:26,43814.05,Bangalore,iOS,90.44.235.108,Recharge,0,0,2,0
T611087,U157,2025-04-19 01:43:45,26516.25,Bangalore,Android,225.125.137.236,P2P,1,0,2,0
T658740,U152,2025-04-19 07:59:22,28491.15,Kolkata,iOS,252.231.53.149,Merchant,0,0,1,0
T727927,U187,2025-04-19 23:10:10,18023.51,Hyderabad,Android,143.53.162.199,Recharge,1,0,2,0
T156526,U101,2025-04-19 16:37:46,25534.61,Delhi,iOS,2.192.214.63,Merchant,0,0,3,0
T358197,U171,2025-04-19 10:05:15,29185.84,Pune,Web,53.185.255.226,Merchant,0,0,3,0
T939024,U102,2025-04-19 18:30:45,6522.85,Delhi,Android,200.118.57.208,Recharge,1,1,9,1
T306162,U199,2025-04-19 00:24:34,43365.48,Kolkata,Web,212.11.105.193,Recharge,1,0,2,0
T992962,U129,2025-04-19 19:48:26,9941.56,Hyderabad,Android,22.117.224.57,Merchant,0,0,1,0
T280474,U165,2025-04-19 11:03:23,14842.43,Hyderabad,Android,192.77.236.7,Recharge,0,0,2,0
T992436,U177,2025-04-19 14:35:58,143.39,Delhi,iOS,162.126.150.123,Merchant,1,0,1,0
T907794,U146,2025-04-19 17:09:16,32414.49,Hyderabad,Android,56.115.144.208,Recharge,0,0,2,0
T601485,U138,2025-04-19 01:56:04,43785.74,Hyderabad,Web,49.210.104.13,Merchant,0,1,3,0
T728980,U110,2025-04-19 07:37:45,22383.51,Hyderabad,iOS,216.131.98.69,Recharge,0,0,0,0
T265763,U174,2025-04-19 18:47:17,28248.79,Pune,Web,233.46.37.119,Merchant,0,0,0,0
T148533,U171,2025-04-19 19:25:30,8899.65,Kolkata,Web,51.21.197.107,Recharge,0,0,3,0
T807796,U142,2025-04-19 23:18:05,37782.3,Chennai,Web,239.122.242.217,Recharge,0,0,3,0
T862131,U170,2025-04-19 23:40:55,3932.4,Bangalore,iOS,226.49.99.107,Merchant,1,1,10,1
T679141,U107,2025-04-19 15:10:51,36046.13,Kolkata,Android,174.199.28.46,Merchant,0,0,1,0
T766911,U193,2025-04-19 23:46:45,26371.16,Kolkata,Web,78.88.94.170,Merchant,0,1,3,0
T181723,U125,2025-04-19 11:39:13,38337.85,Hyderabad,Android,147.68.217.80,Merchant,0,0,2,0
T265342,U102,2025-04-19 22:33:58,31784.59,Mumbai,Android,23.133.213.21,Recharge,0,0,0,0
T560734,U117,2025-04-19 07:53:17,6880.75,Mumbai,Web,40.167.255.131,Recharge,0,0,1,0
T578496,U132,2025-04-19 21:05:25,6042.73,Kolkata,Android,188.10.56.143,Merchant,0,0,0,0
T424240,U174,2025-04-19 12:40:48,10726.27,Bangalore,Web,250.137.6.77,P2P,0,0,0,0
T665324,U103,2025-04-19 04:12:17,19709.34,Bangalore,iOS,180.5.110.30,P2P,0,0,0,0
T840944,U196,2025-04-19 01:58:54,12951.52,Kolkata,Web,84.72.101.211,P2P,1,0,3,0
T784065,U140,2025-04-19 07:01:24,23001.22,Hyderabad,Android,126.184.121.236,Merchant,0,0,3,0
T881235,U110,2025-04-19 09:33:18,44669.02,Chennai,Web,36.206.141.156,Merchant,1,0,3,0
T118580,U158,2025-04-19 10:29:47,16094.71,Mumbai,Web,81.246.131.218,Recharge,0,0,3,0
T888616,U102,2025-04-19 12:43:31,36869.35,Bangalore,iOS,216.67.13.30,P2P,0,0,0,0
T613401,U166,2025-04-19 08:38:12,7276.71,Bangalore,Android,93.194.220.229,Merchant,0,0,0,0
T197112,U136,2025-04-19 16:41:24,34291.23,Mumbai,Web,118.12.36.82,Recharge,0,0,3,0
T232485,U135,2025-04-19 04:18:46,29353.53,Mumbai,Web,170.97.61.28,Merchant,0,1,0,0
T885476,U115,2025-04-19 11:54:10,23708.09,Delhi,iOS,191.161.36.10,Recharge,0,1,0,0
T800963,U100,2025-04-19 10:26:29,15390.87,Pune,Web,182.11.96.160,Merchant,0,0,3,0
T407708,U155,2025-04-19 01:35:09,10339.88,Bangalore,iOS,163.91.169.98,Recharge,0,1,0,0
T743120,U154,2025-04-19 07:28:16,31050.51,Hyderabad,Web,101.49.254.183,Recharge,0,0,1,0
T555670,U107,2025-04-19 21:52:04,1160.09,Mumbai,iOS,77.15.6.181,Merchant,1,1,9,1
T787441,U139,2025-04-19 12:08:32,8194.83,Chennai,Android,19.79.59.81,P2P,1,1,9,1
T443708,U149,2025-04-19 03:31:07,33656.25,Pune,iOS,79.219.117.154,P2P,1,1,2,0
T598784,U185,2025-04-19 18:01:03,40044.64,Delhi,Android,185.101.183.110,Recharge,0,0,1,0
T961259,U149,2025-04-19 14:31:38,46132.72,Hyderabad,iOS,70.73.244.65,Merchant,0,0,0,0
T636372,U174,2025-04-19 09:35:39,40392.4,Kolkata,Android,182.82.253.238,Recharge,1,0,2,0
T578664,U123,2025-04-19 05:17:27,47344.89,Hyderabad,Web,2.108.9.41,Merchant,0,0,1,0
T507842,U179,2025-04-19 09:27:23,9012.11,Bangalore,Android,111.226.227.252,Recharge,0,0,3,0
T265113,U149,2025-04-19 07:12:57,33415.21,Chennai,Android,40.85.250.79,Merchant,0,0,3,0
T102690,U160,2025-04-19 18:02:14,19617.49,Mumbai,Web,246.142.240.214,Recharge,1,1,0,0
T624793,U155,2025-04-19 03:10:12,42263.78,Hyderabad,iOS,185.195.41.109,Recharge,1,0,2,0
T542310,U171,2025-04-19 14:09:48,30492.21,Hyderabad,Web,38.180.126.174,P2P,0,0,1,0
T487421,U111,2025-04-19 09:36:21,47776.85,Delhi,iOS,56.192.53.114,P2P,0,0,3,0
T832600,U114,2025-04-19 03:03:07,2519.19,Pune,iOS,172.56.186.67,Merchant,0,1,1,0
T302991,U175,2025-04-19 04:14:24,42703.41,Delhi,Android,103.160.113.202,P2P,1,0,0,0
T332095,U115,2025-04-19 07:36:16,1971.54,Hyderabad,iOS,96.147.71.191,Recharge,0,0,2,0
T638548,U150,2025-04-19 09:02:43,30364.56,Pune,iOS,56.40.27.199,Recharge,0,0,0,0
T180925,U177,2025-04-19 18:32:48,22732.42,Mumbai,Web,239.180.220.210,Recharge,0,0,3,0
T573111,U182,2025-04-19 01:03:01,8243.94,Delhi,Android,217.77.17.191,P2P,0,0,2,0
T961375,U183,2025-04-19 22:15:07,15273.2,Delhi,Android,30.65.221.198,Merchant,0,0,1,0
T380813,U144,2025-04-19 05:56:58,20234.21,Delhi,Android,216.181.6.211,P2P,0,1,2,0
T984362,U111,2025-04-19 01:35:35,13381.06,Kolkata,iOS,116.142.208.45,Recharge,0,1,2,0
T673217,U166,2025-04-19 23:43:31,40933.54,Mumbai,Android,148.28.55.102,Merchant,1,1,7,1
T511052,U118,2025-04-19 14:47:08,23253.94,Kolkata,iOS,183.64.80.231,P2P,0,0,3,0
T752650,U120,2025-04-19 04:42:52,22273.42,Mumbai,iOS,60.250.182.129,Recharge,1,0,2,0
T982646,U171,2025-04-19 08:50:17,22565.82,Pune,Android,22.173.69.58,P2P,0,0,3,0
T933792,U189,2025-04-19 00:13:48,44153.36,Mumbai,Android,251.92.83.86,P2P,0,0,2,0
T294105,U149,2025-04-19 03:22:37,33481.42,Mumbai,iOS,114.31.227.109,Recharge,1,1,10,1
T270576,U188,2025-04-19 23:40:51,31643.13,Bangalore,Android,151.51.251.175,Merchant,0,0,0,0
T149280,U136,2025-04-19 20:20:22,18754.64,Delhi,Android,219.65.123.220,Merchant,0,0,3,0
T901651,U177,2025-04-19 17:21:24,44866.87,Hyderabad,Android,205.102.249.11,Recharge,1,1,6,1
T422067,U147,2025-04-19 05:59:15,37541.85,Kolkata,iOS,145.107.197.218,P2P,0,1,0,0
T115109,U111,2025-04-19 13:22:07,16999.26,Bangalore,Web,236.247.237.24,Merchant,0,0,2,0
T952806,U125,2025-04-19 11:41:28,34353.77,Pune,Web,66.237.211.172,Recharge,1,0,3,0
T807781,U126,2025-04-19 03:32:31,17086.92,Mumbai,iOS,177.10.36.126,P2P,0,0,0,0
T784098,U142,2025-04-19 19:15:24,108.54,Pune,iOS,209.118.188.238,P2P,0,0,3,0
T361111,U187,2025-04-19 20:50:48,10268.0,Kolkata,iOS,1.47.43.11,Merchant,0,0,0,0
T230055,U116,2025-04-19 23:54:01,21567.97,Pune,Web,52.49.59.224,Merchant,0,0,1,0
T254564,U183,2025-04-19 17:03:22,33056.03,Delhi,Android,245.142.140.169,Merchant,0,1,3,0
T246128,U110,2025-04-19 23:13:24,21462.52,Kolkata,iOS,28.146.108.183,P2P,1,1,3,0
T845642,U132,2025-04-19 19:07:49,48125.27,Hyderabad,Android,36.129.19.156,Recharge,0,0,1,0
T243195,U166,2025-04-19 18:08:32,9383.21,Bangalore,iOS,27.134.102.59,P2P,0,1,3,0
T869368,U158,2025-04-19 15:22:29,34941.81,Kolkata,Android,247.53.253.56,Merchant,1,0,0,0
T451451,U138,2025-04-19 22:03:05,45867.37,Hyderabad,iOS,124.45.211.19,Merchant,0,0,1,0
T646695,U179,2025-04-19 09:13:04,21252.95,Mumbai,iOS,153.27.129.34,Merchant,0,1,1,0
T205253,U177,2025-04-19 12:17:54,46953.71,Hyderabad,iOS,92.146.202.246,Recharge,0,1,0,0
T100779,U158,2025-04-19 03:02:46,7391.81,Bangalore,Web,74.60.117.121,P2P,0,1,1,0
T581526,U121,2025-04-19 04:06:22,9872.82,Mumbai,Android,19.35.79.154,Merchant,0,0,0,0
T120218,U123,2025-04-19 07:06:48,28891.52,Delhi,Web,30.132.108.125,Merchant,0,0,3,0
T832081,U150,2025-04-19 05:44:17,7349.34,Hyderabad,Web,180.183.77.26,Recharge,0,1,3,0
T304410,U113,2025-04-19 09:58:38,2727.65,Bangalore,iOS,199.72.103.202,P2P,0,0,2,0
T352075,U143,2025-04-19 15:52:26,38985.94,Chennai,iOS,52.165.206.10,Merchant,0,0,2,0
T834955,U119,2025-04-19 03:29:42,42151.07,Kolkata,Web,183.49.8.247,Merchant,0,0,3,0
T568288,U164,2025-04-19 19:48:53,20773.02,Hyderabad,Web,6.62.140.99,Recharge,0,0,1,0
T418977,U146,2025-04-19 08:15:52,10815.83,Hyderabad,Web,5.243.164.100,Merchant,0,1,1,0
T498792,U164,2025-04-19 08:01:46,2802.38,Mumbai,Web,172.57.203.160,Merchant,0,0,1,0
T188748,U144,2025-04-19 21:31:21,38036.36,Hyderabad,Web,5.225.179.37,Recharge,0,1,1,0
T387763,U163,2025-04-19 21:20:30,38939.06,Hyderabad,Web,132.144.241.231,Merchant,1,0,3,0
T550122,U148,2025-04-19 11:29:10,40656.08,Chennai,iOS,83.169.18.126,P2P,0,0,1,0
T364282,U178,2025-04-19 01:23:08,28907.06,Delhi,Web,29.43.93.212,P2P,0,1,1,0
T662691,U141,2025-04-19 09:22:08,41687.03,Bangalore,Android,114.177.80.21,Recharge,0,0,2,0
T389172,U191,2025-04-19 06:08:37,39186.03,Pune,iOS,202.108.183.244,P2P,0,0,0,0
T478293,U186,2025-04-19 17:12:08,29270.98,Pune,iOS,38.251.249.87,Recharge,1,0,1,0
T591688,U159,2025-04-19 15:21:58,18387.48,Mumbai,Android,79.171.191.129,P2P,1,0,3,0
T908923,U150,2025-04-19 01:13:51,32505.08,Chennai,Web,18.234.73.17,P2P,1,1,5,1
T514653,U168,2025-04-19 06:57:34,20819.71,Kolkata,Web,191.65.40.191,Recharge,1,0,3,0
T807434,U145,2025-04-19 15:37:07,38813.63,Delhi,iOS,102.23.154.80,Recharge,0,1,0,0
T776143,U166,2025-04-19 09:49:43,11212.9,Mumbai,Android,141.156.45.65,Merchant,1,0,0,0
T919161,U129,2025-04-19 23:54:50,44657.98,Kolkata,Web,200.199.9.253,Recharge,0,0,2,0
T927205,U102,2025-04-19 05:22:53,28923.6,Bangalore,iOS,121.22.6.42,Recharge,0,0,1,0
T412680,U166,2025-04-19 21:01:04,8441.23,Hyderabad,iOS,159.74.23.175,Merchant,1,0,0,0
T830604,U141,2025-04-19 02:19:15,39352.63,Kolkata,Web,168.87.123.154,P2P,0,0,2,0
T885312,U106,2025-04-19 23:18:02,24396.82,Mumbai,Web,118.222.219.140,P2P,0,0,3,0
T939089,U126,2025-04-19 06:23:48,12853.52,Pune,iOS,17.24.105.45,P2P,0,0,3,0
T836996,U161,2025-04-19 19:05:17,74.08,Delhi,Web,9.136.128.78,P2P,0,0,0,0
T758246,U138,2025-04-19 10:16:23,42438.54,Pune,Web,79.103.163.219,P2P,0,0,2,0
T946999,U112,2025-04-19 09:19:57,33910.92,Mumbai,Android,179.53.21.36,Merchant,1,0,2,0
T805732,U154,2025-04-19 14:35:20,17534.31,Delhi,Web,216.43.187.115,Merchant,0,0,3,0
T251406,U165,2025-04-19 16:41:45,17598.76,Bangalore,Web,83.72.175.205,Recharge,0,1,2,0
T782090,U119,2025-04-19 07:58:00,27634.3,Delhi,iOS,93.81.143.150,Recharge,1,1,1,0
T609846,U172,2025-04-19 00:05:19,21912.81,Pune,Web,197.38.46.219,Recharge,1,1,0,0
T157608,U141,2025-04-19 04:20:41,27227.58,Bangalore,iOS,237.96.105.19,Merchant,1,0,1,0
T374766,U104,2025-04-19 19:00:58,32985.01,Chennai,iOS,115.194.234.165,Merchant,0,0,1,0
T291890,U173,2025-04-19 04:14:23,4436.4,Chennai,Web,213.76.251.73,Merchant,1,0,3,0
T618349,U170,2025-04-19 06:13:48,36645.14,Bangalore,Web,212.195.248.57,Merchant,1,0,0,0
T200477,U190,2025-04-19 06:20:26,47686.76,Kolkata,iOS,80.7.88.149,Recharge,0,0,0,0
T949344,U186,2025-04-19 07:22:03,38017.09,Pune,iOS,16.57.221.86,Merchant,1,1,2,0
T343090,U138,2025-04-19 17:26:17,44026.16,Delhi,Web,201.46.233.48,Merchant,0,0,2,0
T419273,U100,2025-04-19 05:50:50,34119.1,Delhi,Android,167.31.17.248,Merchant,1,0,1,0
T258375,U197,2025-04-19 08:52:39,37134.88,Mumbai,Web,1.116.157.241,P2P,0,0,3,0
T466556,U112,2025-04-19 21:49:03,29025.13,Bangalore,iOS,89.213.74.203,Recharge,0,0,3,0
T423440,U140,2025-04-19 13:53:24,20805.75,Mumbai,iOS,22.76.20.8,Recharge,0,0,1,0
T829455,U127,2025-04-19 17:55:36,27737.87,Hyderabad,iOS,233.246.65.189,Merchant,0,0,1,0
T301141,U188,2025-04-19 06:11:01,48911.18,Kolkata,Android,233.255.59.142,Recharge,0,0,2,0
T709194,U119,2025-04-19 04:15:53,48373.06,Mumbai,iOS,173.126.44.28,Merchant,1,0,2,0
T338963,U144,2025-04-19 22:30:36,11400.62,Mumbai,Android,242.172.252.225,Merchant,1,1,10,1
T239278,U181,2025-04-19 04:50:28,25134.94,Bangalore,Web,65.209.183.67,Recharge,0,0,2,0
T623526,U197,2025-04-19 03:37:49,444.48,Mumbai,Web,229.135.203.75,Recharge,0,0,0,0
T754281,U113,2025-04-19 08:33:30,33226.2,Mumbai,Android,195.59.21.87,Merchant,0,1,1,0
T880549,U159,2025-04-19 07:28:13,5337.12,Kolkata,Android,90.115.251.231,Merchant,0,0,0,0
T381351,U109,2025-04-19 19:09:52,49105.0,Bangalore,Web,228.20.13.194,P2P,1,1,10,1
T860881,U162,2025-04-19 10:00:50,934.95,Mumbai,Web,220.104.214.121,P2P,0,0,2,0
T280664,U165,2025-04-19 05:27:11,29488.45,Pune,iOS,202.92.203.49,P2P,0,0,2,0
T389891,U120,2025-04-19 09:16:17,31278.36,Kolkata,Web,64.22.116.219,P2P,0,0,1,0
T593658,U197,2025-04-19 06:43:02,11129.81,Bangalore,iOS,171.201.83.178,Merchant,0,0,1,0
T514127,U119,2025-04-19 20:50:44,36900.23,Pune,Web,153.24.76.95,P2P,1,0,1,0
T401108,U158,2025-04-19 11:16:17,10922.52,Chennai,iOS,196.226.133.52,Merchant,0,0,0,0
T548445,U110,2025-04-19 14:20:25,8027.65,Pune,Web,18.130.156.61,Merchant,0,0,0,0
T161047,U187,2025-04-19 17:39:56,7106.79,Chennai,Web,184.76.205.251,Recharge,1,0,2,0
T637979,U131,2025-04-19 23:06:37,4649.9,Hyderabad,Web,163.187.92.8,Merchant,1,0,2,0
T945624,U190,2025-04-19 02:29:51,9938.56,Pune,Web,55.33.77.33,Recharge,0,1,3,0
T934887,U176,2025-04-19 19:55:22,37514.84,Delhi,Web,97.108.80.133,P2P,1,0,3,0
T846860,U120,2025-04-19 08:03:35,43349.97,Bangalore,Android,105.227.112.201,Recharge,0,0,3,0
T885963,U138,2025-04-19 06:18:20,8850.24,Chennai,iOS,175.139.122.215,Merchant,0,0,0,0
T778506,U104,2025-04-19 06:25:31,29867.81,Kolkata,iOS,102.141.255.134,Merchant,1,0,1,0
T104046,U160,2025-04-19 08:16:14,19008.22,Bangalore,Android,215.172.76.193,P2P,1,0,1,0
T127144,U105,2025-04-19 12:04:25,47861.65,Mumbai,Android,125.83.212.62,P2P,0,0,1,0
T745441,U103,2025-04-19 00:34:51,6738.7,Delhi,iOS,1.164.91.141,P2P,1,1,9,1
T675266,U113,2025-04-19 23:47:06,22427.54,Bangalore,iOS,23.157.214.66,Recharge,0,0,1,0
T490340,U131,2025-04-19 02:09:23,47150.83,Bangalore,iOS,119.145.239.13,Merchant,0,0,1,0
T557388,U149,2025-04-19 03:42:08,26134.27,Kolkata,Android,244.129.174.105,Recharge,1,0,3,0
T546377,U109,2025-04-19 22:48:37,10069.33,Hyderabad,Web,112.198.196.128,Recharge,0,0,2,0
T437392,U159,2025-04-19 18:21:59,16811.59,Hyderabad,Android,6.30.238.117,Recharge,0,0,1,0
T591474,U176,2025-04-19 13:26:17,7248.23,Mumbai,Web,86.194.231.168,P2P,0,0,2,0
T760273,U117,2025-04-19 20:09:53,26944.41,Delhi,Web,196.35.226.154,Merchant,1,0,2,0
T912871,U107,2025-04-19 14:41:26,14591.73,Bangalore,Web,96.43.163.80,Merchant,0,1,0,0
T374352,U189,2025-04-19 03:18:30,43430.31,Bangalore,Web,141.157.165.39,Merchant,0,0,1,0
T264632,U160,2025-04-19 21:03:00,38295.59,Chennai,iOS,220.204.91.90,Recharge,0,0,1,0
T280038,U169,2025-04-19 19:00:11,16824.97,Pune,Android,232.90.66.59,Merchant,1,0,1,0
T971748,U160,2025-04-19 19:40:56,17432.39,Bangalore,Android,94.230.182.18,Merchant,1,1,9,1
T360222,U135,2025-04-19 14:23:17,37125.64,Hyderabad,Web,68.167.190.121,P2P,0,0,0,0
T440116,U191,2025-04-19 23:44:29,43674.68,Bangalore,iOS,246.137.69.24,P2P,0,0,1,0
T117193,U185,2025-04-19 07:39:29,19254.39,Mumbai,iOS,119.119.32.85,P2P,0,0,2,0
T611132,U189,2025-04-19 23:49:53,42970.88,Bangalore,Web,28.184.17.51,P2P,0,0,0,0
T139801,U142,2025-04-19 21:53:11,31374.36,Bangalore,iOS,152.71.65.32,Merchant,0,0,2,0
T504233,U182,2025-04-19 10:25:53,35765.19,Delhi,iOS,135.91.242.114,P2P,0,0,1,0
T533954,U131,2025-04-19 02:26:30,7143.27,Chennai,Web,196.117.86.175,P2P,1,0,2,0
T282263,U152,2025-04-19 02:49:46,30397.15,Mumbai,Android,215.127.188.157,Merchant,0,0,2,0
T396697,U116,2025-04-19 23:08:42,11447.9,Mumbai,Web,50.233.66.161,Merchant,0,0,3,0
T552768,U105,2025-04-19 16:57:23,46924.06,Delhi,Web,183.255.246.79,P2P,0,0,0,0
T279567,U132,2025-04-19 11:19:41,27187.38,Hyderabad,Web,117.63.4.57,Merchant,0,1,0,0
T643578,U131,2025-04-19 20:55:45,49229.76,Delhi,Android,69.20.117.173,Merchant,0,0,3,0
T281665,U190,2025-04-19 14:51:54,14403.29,Mumbai,Android,41.212.110.88,P2P,0,0,1,0
T322255,U170,2025-04-19 05:33:31,24522.4,Mumbai,iOS,135.136.47.76,Merchant,1,0,2,0
T900052,U133,2025-04-19 05:13:51,17205.62,Chennai,Web,39.51.248.87,P2P,0,0,2,0
T845872,U118,2025-04-19 15:32:05,9308.78,Pune,Web,206.155.207.33,P2P,1,0,3,0
T509484,U117,2025-04-19 13:15:09,49596.69,Kolkata,Android,163.78.253.8,Merchant,0,0,2,0
T704249,U109,2025-04-19 07:24:29,500.11,Chennai,iOS,50.113.247.48,Merchant,0,0,2,0
T116499,U155,2025-04-19 19:43:58,44162.81,Kolkata,iOS,23.135.129.135,P2P,0,0,0,0
T480730,U101,2025-04-19 16:56:27,28951.4,Bangalore,Android,209.119.73.108,Merchant,1,0,3,0
T664329,U170,2025-04-19 15:41:31,25955.23,Hyderabad,iOS,182.168.4.117,Recharge,1,1,9,1
T649716,U198,2025-04-19 15:15:57,21153.83,Bangalore,iOS,126.230.10.158,Recharge,0,0,1,0
T362494,U115,2025-04-19 04:02:10,13646.35,Mumbai,iOS,251.86.116.44,Recharge,0,0,0,0
T812236,U130,2025-04-19 06:05:25,1738.23,Delhi,iOS,78.72.214.73,P2P,0,0,0,0
T623035,U154,2025-04-19 12:18:54,42754.83,Pune,Android,127.5.111.55,Merchant,0,0,0,0
T295485,U197,2025-04-19 22:00:43,35495.66,Chennai,Web,160.23.97.44,P2P,0,0,3,0
T664618,U178,2025-04-19 09:49:35,20712.15,Kolkata,Android,146.85.134.90,P2P,1,0,0,0
T845483,U106,2025-04-19 05:39:28,43396.53,Bangalore,Android,56.178.148.61,Merchant,0,0,0,0
T281768,U160,2025-04-19 12:38:29,24702.28,Mumbai,Android,185.114.83.243,P2P,0,0,0,0
T943609,U194,2025-04-19 06:24:46,40052.66,Delhi,Web,132.48.161.120,P2P,1,0,1,0
T211821,U165,2025-04-19 14:59:41,27120.35,Delhi,Android,11.17.86.244,P2P,0,0,3,0
T765498,U136,2025-04-19 13:49:39,47268.64,Chennai,Android,184.52.195.106,Recharge,0,0,1,0
T986706,U173,2025-04-19 14:43:33,4542.2,Chennai,Web,11.112.201.93,Recharge,0,0,1,0
T516214,U140,2025-04-19 15:56:15,21744.45,Hyderabad,iOS,253.108.32.148,Merchant,1,0,2,0
T713881,U144,2025-04-19 16:51:18,17555.16,Chennai,Web,210.150.249.18,P2P,1,1,7,1
T707791,U126,2025-04-19 13:52:06,6539.08,Delhi,Web,2.26.255.204,Recharge,0,0,2,0
T402699,U173,2025-04-19 20:54:34,16021.12,Pune,iOS,70.217.97.175,Merchant,0,0,2,0
T188768,U167,2025-04-19 08:15:07,17308.25,Chennai,Android,16.191.183.237,P2P,1,1,10,1
T923356,U149,2025-04-19 12:31:51,14011.21,Chennai,iOS,122.184.59.236,Recharge,0,0,3,0
T581694,U122,2025-04-19 18:40:49,21142.98,Delhi,iOS,93.67.71.14,Recharge,1,0,3,0
T672656,U147,2025-04-19 03:49:30,49614.5,Bangalore,Web,31.7.52.146,Merchant,1,0,0,0
T689944,U197,2025-04-19 19:33:25,18768.58,Chennai,Web,39.242.16.27,Recharge,0,1,0,0
T593502,U187,2025-04-19 11:28:57,16443.82,Chennai,iOS,143.245.42.34,Recharge,0,0,2,0
T147241,U120,2025-04-19 14:02:14,36809.0,Hyderabad,Android,11.189.30.71,P2P,0,0,0,0
T470305,U151,2025-04-19 19:42:17,5038.67,Bangalore,Web,193.142.199.86,P2P,0,0,0,0
T158859,U132,2025-04-19 06:16:11,20504.02,Pune,Android,239.26.187.78,Merchant,0,0,1,0
T776404,U163,2025-04-19 01:21:06,21979.09,Mumbai,Android,6.145.51.122,Merchant,0,0,3,0
T905834,U141,2025-04-19 13:29:45,19866.46,Kolkata,Android,124.79.251.84,P2P,0,0,2,0
T930983,U175,2025-04-19 15:56:33,34136.2,Hyderabad,Web,10.100.40.178,Merchant,1,1,9,1
T350234,U112,2025-04-19 15:45:49,31732.63,Pune,iOS,83.231.186.34,Recharge,0,0,2,0
T855627,U138,2025-04-19 13:56:18,4730.98,Chennai,Android,114.32.37.224,Merchant,0,1,1,0
T277634,U172,2025-04-19 13:00:22,46537.22,Delhi,Android,167.230.181.145,Merchant,0,0,0,0
T961988,U164,2025-04-19 11:42:41,657.51,Kolkata,Android,229.231.159.28,Merchant,0,0,2,0
T565689,U147,2025-04-19 17:19:34,5761.06,Bangalore,Web,176.139.239.230,Merchant,1,0,2,0
T132000,U176,2025-04-19 02:15:21,33201.21,Bangalore,Android,83.70.112.21,Merchant,1,1,0,0
T343316,U134,2025-04-19 19:21:11,49917.02,Hyderabad,Web,65.112.41.18,P2P,0,0,0,0
T445085,U136,2025-04-19 13:55:20,9391.47,Delhi,iOS,41.211.77.224,Recharge,0,0,3,0
T143146,U101,2025-04-19 12:01:30,47012.0,Hyderabad,iOS,163.24.155.56,P2P,0,0,0,0
T943865,U136,2025-04-19 01:54:23,4184.74,Kolkata,iOS,64.128.95.178,Merchant,0,0,2,0
T325829,U151,2025-04-19 08:42:59,17897.93,Pune,iOS,160.45.193.144,P2P,0,0,1,0
T340871,U100,2025-04-19 16:06:01,19843.06,Kolkata,Web,230.191.244.147,P2P,1,1,1,0
T328861,U147,2025-04-19 23:05:11,21725.79,Hyderabad,Web,91.39.55.213,Merchant,1,1,10,1
T105358,U156,2025-04-19 09:56:45,1004.44,Pune,iOS,193.179.39.180,Merchant,1,0,2,0
T784615,U171,2025-04-19 06:25:28,11504.08,Kolkata,iOS,164.117.33.97,P2P,0,0,1,0
T349485,U182,2025-04-19 00:23:33,8320.14,Pune,iOS,115.134.84.76,Recharge,0,0,0,0
T568080,U125,2025-04-19 16:54:32,48606.29,Bangalore,iOS,56.184.39.66,Merchant,0,0,2,0
T330353,U173,2025-04-19 07:49:07,44316.44,Mumbai,iOS,89.214.53.118,Merchant,1,0,3,0
T869971,U131,2025-04-19 12:25:39,8338.72,Delhi,Android,172.133.89.191,Recharge,0,0,1,0
T522148,U179,2025-04-19 09:09:28,17648.31,Hyderabad,Android,219.163.224.155,Merchant,0,0,1,0
T208670,U164,2025-04-19 14:03:43,7864.03,Pune,iOS,39.234.164.215,P2P,0,0,0,0
T970696,U199,2025-04-19 09:47:57,8369.99,Delhi,Android,8.109.154.167,Recharge,0,0,0,0
T937319,U192,2025-04-19 15:21:11,35408.16,Chennai,iOS,248.51.22.195,P2P,0,0,1,0
T800859,U199,2025-04-19 09:35:40,38342.14,Kolkata,Web,29.185.86.221,Recharge,0,0,1,0
T774415,U104,2025-04-19 12:13:59,12029.02,Delhi,iOS,225.98.118.115,P2P,1,0,1,0
T586642,U134,2025-04-19 01:14:20,30773.73,Delhi,iOS,53.170.232.172,Merchant,0,0,0,0
T307805,U148,2025-04-19 03:51:03,37632.69,Delhi,iOS,171.109.122.19,Recharge,0,1,3,0
T989527,U154,2025-04-19 23:23:07,45797.83,Chennai,iOS,118.229.252.79,Recharge,0,0,2,0
T116890,U196,2025-04-19 19:29:06,14393.21,Chennai,Web,203.205.103.52,Recharge,0,0,3,0
T577365,U175,2025-04-19 12:35:56,40324.75,Kolkata,iOS,98.191.92.178,P2P,0,0,1,0
T283564,U177,2025-04-19 03:36:25,9288.98,Pune,Android,166.230.234.151,Recharge,0,1,0,0
T264130,U127,2025-04-19 12:01:58,42254.88,Hyderabad,Web,116.199.213.7,Recharge,1,0,3,0
T896911,U149,2025-04-19 15:18:55,44835.89,Delhi,Android,39.32.148.99,Merchant,0,0,1,0
T257559,U185,2025-04-19 01:01:19,29042.92,Hyderabad,Android,255.175.89.165,Merchant,0,1,2,0
T751804,U161,2025-04-19 14:44:54,49577.69,Delhi,Android,160.174.247.61,Recharge,0,0,2,0
T842365,U135,2025-04-19 02:46:42,5824.95,Pune,Android,123.1.63.83,Recharge,0,0,0,0
T245931,U118,2025-04-19 05:04:20,22660.9,Kolkata,Web,164.137.115.148,P2P,0,0,3,0
T693296,U110,2025-04-19 17:27:52,36636.04,Pune,iOS,185.84.201.250,Merchant,0,0,0,0
T253223,U151,2025-04-19 13:37:41,34993.97,Bangalore,Web,103.6.46.233,P2P,1,0,3,0
T897186,U106,2025-04-19 18:06:58,14335.86,Hyderabad,Web,104.68.23.174,P2P,0,0,0,0
T268964,U150,2025-04-19 08:35:16,10049.64,Mumbai,Web,251.105.115.149,Recharge,1,0,2,0
T419888,U115,2025-04-19 13:47:50,3088.81,Mumbai,Web,216.77.121.242,Recharge,1,1,9,1
T690916,U124,2025-04-19 17:21:15,49783.77,Hyderabad,Android,50.79.222.129,Merchant,1,0,1,0
T873243,U110,2025-04-19 11:44:24,15900.88,Bangalore,Web,185.185.218.84,Merchant,0,0,1,0
T995983,U143,2025-04-19 00:30:42,7410.2,Mumbai,Web,228.86.233.195,P2P,0,1,2,0
T290512,U174,2025-04-19 19:33:06,10864.6,Kolkata,Android,162.241.238.193,Merchant,0,0,2,0
T828589,U196,2025-04-19 16:44:15,36624.87,Delhi,Android,35.232.217.5,P2P,1,1,6,1
T553585,U138,2025-04-19 15:22:59,35443.43,Kolkata,iOS,162.140.30.34,Merchant,1,0,0,0
T681010,U170,2025-04-19 04:54:03,35548.17,Delhi,iOS,219.88.43.63,Recharge,0,0,2,0
T669319,U136,2025-04-19 13:14:38,31094.17,Delhi,Android,224.3.168.155,P2P,0,0,1,0
T144230,U169,2025-04-19 15:43:52,39907.79,Mumbai,iOS,236.79.101.89,P2P,0,0,1,0
T513437,U168,2025-04-19 10:12:29,23727.97,Pune,Android,199.184.244.186,Recharge,1,1,7,1
T669155,U154,2025-04-19 14:11:54,5109.28,Hyderabad,iOS,235.203.49.220,Recharge,0,0,3,0
T579241,U116,2025-04-19 18:37:52,31502.02,Pune,Web,91.251.180.65,Recharge,0,0,0,0
T431975,U136,2025-04-19 16:34:17,32204.57,Pune,Android,65.253.145.183,P2P,1,1,9,1
T665602,U130,2025-04-19 13:47:53,20367.65,Pune,Android,74.47.153.23,Merchant,1,1,10,1
T897459,U122,2025-04-19 22:06:39,44033.91,Chennai,Web,152.143.183.184,Recharge,0,0,0,0
T757385,U116,2025-04-19 19:11:41,15516.31,Hyderabad,Web,89.153.240.13,Merchant,1,0,2,0
T730063,U116,2025-04-19 13:26:47,28525.25,Hyderabad,Android,244.103.51.244,Recharge,1,1,7,1
T842582,U144,2025-04-19 06:52:19,23913.57,Hyderabad,iOS,171.120.38.154,P2P,1,1,9,1
T365417,U119,2025-04-19 23:09:31,45806.56,Kolkata,iOS,218.153.249.66,Merchant,1,0,2,0
T318874,U116,2025-04-19 18:06:44,17144.49,Hyderabad,iOS,237.45.201.69,Recharge,0,0,2,0
T263329,U169,2025-04-19 08:22:20,43372.69,Bangalore,Web,239.48.134.238,Merchant,0,0,3,0
T747910,U102,2025-04-19 10:08:59,26876.82,Delhi,Web,23.153.66.229,P2P,1,0,3,0
T268696,U170,2025-04-19 01:18:14,17666.06,Kolkata,iOS,163.224.93.156,Recharge,0,0,1,0
T493701,U153,2025-04-19 22:47:02,20134.04,Kolkata,iOS,74.17.177.133,Recharge,1,1,9,1
T124851,U101,2025-04-19 10:12:19,33599.34,Hyderabad,iOS,4.202.58.7,Merchant,0,0,2,0
T452416,U118,2025-04-19 01:55:55,1794.64,Delhi,iOS,144.81.26.197,P2P,0,0,2,0
T659719,U155,2025-04-19 13:28:18,35478.25,Hyderabad,Web,94.133.173.151,Recharge,1,0,1,0
T322456,U101,2025-04-19 06:18:51,11623.67,Kolkata,iOS,12.9.251.1,Recharge,0,0,3,0
T129321,U181,2025-04-19 08:18:22,3512.6,Bangalore,iOS,200.239.88.138,Recharge,0,0,1,0
T592916,U154,2025-04-19 06:22:26,21214.94,Chennai,Android,84.96.106.64,Recharge,0,0,3,0
T762352,U173,2025-04-19 11:47:28,23302.36,Delhi,Android,187.25.121.51,Recharge,0,1,2,0
T233568,U161,2025-04-19 18:02:11,21878.55,Hyderabad,iOS,129.115.107.253,P2P,0,1,3,0
T872972,U163,2025-04-19 14:02:48,33016.62,Pune,Web,28.185.122.108,Recharge,0,0,1,0
T604854,U131,2025-04-19 14:18:24,24054.45,Delhi,Android,46.143.63.96,P2P,0,0,0,0
T305878,U184,2025-04-19 12:16:39,48071.31,Pune,iOS,33.91.124.140,Recharge,0,0,1,0
T826439,U174,2025-04-19 10:40:50,16207.28,Pune,Android,177.21.66.118,Recharge,0,0,2,0
T378136,U107,2025-04-19 00:35:47,9734.02,Kolkata,Android,177.192.89.235,P2P,1,1,8,1
T809868,U116,2025-04-19 19:04:39,20800.84,Pune,iOS,93.220.79.189,P2P,1,0,2,0
T811042,U192,2025-04-19 16:13:57,5370.02,Mumbai,Android,19.13.79.234,P2P,0,0,2,0
T749528,U152,2025-04-19 17:51:48,47761.99,Kolkata,Web,54.54.61.89,Merchant,0,0,0,0
T336535,U114,2025-04-19 11:48:50,28612.78,Chennai,Web,56.243.32.156,Recharge,1,1,10,1
T943844,U137,2025-04-19 15:02:35,16935.84,Kolkata,Android,81.91.133.196,Merchant,0,1,0,0
T599120,U158,2025-04-19 17:51:10,47021.59,Hyderabad,iOS,54.231.156.87,P2P,0,0,1,0
T505780,U137,2025-04-19 00:48:47,6089.04,Mumbai,Android,47.79.145.197,P2P,0,0,3,0
T573139,U133,2025-04-19 00:34:06,11677.11,Kolkata,Web,226.3.136.7,P2P,1,0,0,0
T234080,U144,2025-04-19 06:56:32,44031.26,Kolkata,iOS,218.91.89.132,Merchant,0,0,0,0
T683101,U112,2025-04-19 19:49:25,36082.26,Mumbai,Android,112.154.209.137,Merchant,0,0,3,0
T890253,U152,2025-04-19 11:47:26,31267.85,Pune,Web,82.82.160.24,Merchant,0,0,1,0
T130943,U185,2025-04-19 09:40:12,33429.86,Delhi,Web,109.87.176.24,P2P,1,1,10,1
T432003,U170,2025-04-19 17:30:20,6963.98,Hyderabad,iOS,115.2.13.23,Recharge,0,0,1,0
T458029,U180,2025-04-19 09:45:37,3768.72,Kolkata,Android,10.100.237.163,P2P,0,0,1,0
T209939,U153,2025-04-19 07:22:52,11975.91,Kolkata,Web,138.89.184.145,P2P,0,0,0,0
T692085,U144,2025-04-19 17:47:40,30951.99,Bangalore,Android,189.169.186.196,P2P,0,0,2,0
T920718,U105,2025-04-19 04:52:37,1176.85,Kolkata,Android,28.66.123.173,P2P,1,0,2,0
T351448,U118,2025-04-19 07:22:38,34917.11,Mumbai,Android,8.22.126.151,Merchant,0,1,1,0
T420929,U107,2025-04-19 07:19:07,25394.7,Delhi,Web,74.57.242.179,Merchant,0,0,2,0
T163582,U109,2025-04-19 02:58:21,7017.86,Delhi,Web,190.31.195.33,P2P,1,1,9,1
T980866,U133,2025-04-19 11:58:57,27863.38,Bangalore,iOS,202.66.72.218,Merchant,1,1,8,1
T893621,U154,2025-04-19 00:58:21,42809.95,Delhi,Web,21.186.29.136,Merchant,0,1,0,0
T921301,U199,2025-04-19 11:15:57,32201.44,Pune,iOS,32.194.107.193,Merchant,1,0,2,0
T795760,U175,2025-04-19 09:49:43,48401.13,Bangalore,Android,162.19.159.241,Recharge,0,0,1,0
T487410,U185,2025-04-19 00:11:37,18619.99,Hyderabad,iOS,182.51.87.154,Merchant,0,0,0,0
T400853,U194,2025-04-19 12:35:06,23948.11,Hyderabad,Android,213.207.110.214,Recharge,0,0,3,0
T755991,U162,2025-04-19 21:49:17,40646.91,Kolkata,iOS,182.59.150.39,Recharge,1,1,5,1
T973687,U111,2025-04-19 08:36:10,38192.06,Hyderabad,iOS,123.93.236.50,Recharge,0,0,1,0
T176857,U146,2025-04-19 07:35:43,31422.93,Kolkata,Android,36.12.58.85,Merchant,0,0,0,0
T953549,U156,2025-04-19 22:54:41,20332.49,Delhi,Web,18.88.30.141,Merchant,0,0,2,0
T420010,U126,2025-04-19 17:56:56,21932.26,Hyderabad,Android,66.73.58.166,Recharge,0,0,3,0
T745551,U191,2025-04-19 01:51:23,31300.45,Chennai,iOS,61.1.161.173,Recharge,1,1,7,1
T872737,U197,2025-04-19 06:50:13,208.87,Bangalore,iOS,109.97.130.162,Merchant,0,0,3,0
T863806,U136,2025-04-19 06:33:34,18351.53,Mumbai,Android,238.223.189.163,Merchant,0,1,1,0
T803150,U164,2025-04-19 05:43:35,23541.3,Hyderabad,Android,76.175.206.184,Merchant,0,0,2,0
T911559,U189,2025-04-19 03:46:32,31095.38,Bangalore,iOS,108.113.137.252,Recharge,1,0,1,0
T851730,U109,2025-04-19 17:59:22,40208.83,Bangalore,Web,59.31.210.117,P2P,0,0,2,0
T808767,U191,2025-04-19 02:34:12,24774.4,Kolkata,Android,250.111.91.133,Merchant,0,0,2,0
T270700,U103,2025-04-19 01:28:00,31032.51,Chennai,iOS,110.58.238.75,Merchant,0,0,1,0
T248463,U170,2025-04-19 06:59:35,22998.99,Kolkata,iOS,36.77.67.90,Recharge,0,1,0,0
T852136,U127,2025-04-19 09:01:28,27202.23,Pune,Web,119.75.126.48,Merchant,0,1,1,0
T943627,U183,2025-04-19 02:37:26,29800.09,Delhi,Android,132.204.204.29,Recharge,0,0,1,0
T279117,U123,2025-04-19 05:47:47,13145.63,Delhi,Android,124.124.45.120,Recharge,0,0,0,0
T524316,U134,2025-04-19 02:36:56,16636.08,Bangalore,Web,193.147.225.60,P2P,1,0,0,0
T119088,U143,2025-04-19 19:00:11,25745.0,Pune,iOS,12.18.50.22,P2P,1,1,8,1
T641976,U155,2025-04-19 01:23:42,4193.39,Delhi,Android,246.51.161.123,Recharge,0,1,2,0
T875715,U167,2025-04-19 19:02:37,12407.65,Hyderabad,Web,176.36.17.176,P2P,0,1,3,0
T974996,U121,2025-04-19 00:57:08,40222.82,Bangalore,iOS,158.204.93.20,Recharge,0,0,3,0
T260219,U179,2025-04-19 01:51:00,44633.38,Bangalore,iOS,136.102.2.17,Recharge,0,0,3,0
T198315,U167,2025-04-19 06:31:30,17994.89,Kolkata,Web,230.121.71.242,Merchant,1,1,1,0
T516585,U136,2025-04-19 10:41:08,46302.61,Bangalore,Android,238.250.1.21,Recharge,0,0,2,0
T771980,U176,2025-04-19 13:32:32,43453.47,Mumbai,Web,206.118.16.87,Recharge,1,1,8,1
T469755,U181,2025-04-19 11:39:46,49616.24,Mumbai,Android,117.63.148.220,Merchant,0,0,3,0
T881140,U113,2025-04-19 04:30:46,23015.65,Mumbai,Android,153.181.197.226,Recharge,0,0,2,0
T763215,U106,2025-04-19 17:51:16,3989.05,Chennai,Android,118.240.67.31,Recharge,0,0,2,0
T334642,U152,2025-04-19 21:32:31,39896.88,Hyderabad,Android,56.146.53.70,Merchant,0,0,0,0
T353983,U139,2025-04-19 07:38:15,23904.3,Kolkata,Android,243.255.204.22,Merchant,1,1,3,0
T406629,U184,2025-04-19 11:19:53,31551.21,Bangalore,Web,127.48.59.78,P2P,1,1,1,0
T360525,U135,2025-04-19 07:45:17,26374.74,Delhi,iOS,79.134.175.16,Recharge,0,0,2,0
T208296,U144,2025-04-19 17:53:13,36702.06,Chennai,iOS,110.5.147.7,Merchant,0,0,2,0
T168383,U181,2025-04-19 06:00:56,30301.66,Delhi,iOS,81.244.205.213,Recharge,0,0,3,0
T687614,U158,2025-04-19 11:15:47,24660.76,Mumbai,iOS,113.211.51.170,Recharge,0,0,0,0
T117353,U149,2025-04-19 16:24:47,20458.89,Chennai,Android,62.183.235.148,Merchant,0,0,0,0
T104312,U192,2025-04-19 21:45:33,37502.47,Mumbai,Android,56.155.224.84,P2P,0,0,1,0
T561024,U172,2025-04-19 07:13:57,5491.4,Mumbai,Web,168.32.211.21,Merchant,0,0,0,0
T325513,U123,2025-04-19 00:05:22,42510.9,Bangalore,iOS,217.57.111.109,Recharge,1,0,3,0
T812643,U155,2025-04-19 19:23:33,3342.52,Mumbai,Android,94.194.227.174,Merchant,0,0,2,0
T156564,U187,2025-04-19 02:06:37,1822.33,Pune,iOS,34.255.50.141,P2P,1,0,3,0
T371742,U138,2025-04-19 16:07:12,45457.25,Chennai,Android,108.72.98.128,Recharge,0,0,0,0
T166261,U134,2025-04-19 00:39:25,38766.91,Bangalore,Android,55.96.13.13,P2P,0,0,1,0
T982495,U193,2025-04-19 03:05:16,33975.66,Mumbai,iOS,255.178.32.198,Merchant,0,1,1,0
T664884,U161,2025-04-19 20:44:24,2518.24,Bangalore,Web,2.186.228.137,Merchant,1,1,2,0
T813618,U188,2025-04-19 17:37:33,28677.84,Delhi,Android,247.88.76.102,Merchant,1,0,1,0
T811950,U189,2025-04-19 05:38:37,10443.39,Delhi,Android,82.125.70.63,Merchant,0,0,2,0
T704074,U139,2025-04-19 15:59:46,41439.94,Pune,Android,230.169.224.204,Merchant,0,1,0,0
T355264,U168,2025-04-19 02:40:47,31391.55,Kolkata,Web,143.231.122.190,Recharge,1,0,3,0
T613662,U166,2025-04-19 21:46:53,5724.47,Hyderabad,iOS,150.203.21.163,Recharge,0,0,1,0
T823349,U144,2025-04-19 05:42:11,23920.17,Hyderabad,iOS,183.99.57.101,P2P,1,0,0,0
T296129,U130,2025-04-19 22:15:10,1273.22,Kolkata,Web,131.212.131.179,P2P,0,0,2,0
T394463,U103,2025-04-19 20:33:07,16405.33,Hyderabad,Android,196.212.145.21,Merchant,0,0,2,0
T747704,U150,2025-04-19 23:41:09,10067.58,Pune,iOS,105.245.94.25,Merchant,0,0,2,0
T420224,U153,2025-04-19 16:55:34,18213.72,Delhi,Web,74.222.234.179,Recharge,0,1,0,0
T910040,U171,2025-04-19 10:32:33,8010.92,Chennai,iOS,222.224.112.110,P2P,1,0,1,0
T511276,U178,2025-04-19 01:09:35,26403.68,Hyderabad,Web,89.119.16.12,Recharge,0,0,3,0
T578895,U187,2025-04-19 16:27:13,41582.43,Chennai,Web,217.32.221.57,P2P,0,0,2,0
T271346,U133,2025-04-19 14:32:08,27747.4,Kolkata,Android,186.193.254.2,Merchant,0,0,0,0
T618178,U141,2025-04-19 16:06:30,23384.66,Chennai,iOS,151.250.98.58,Merchant,0,0,0,0
T587345,U127,2025-04-19 00:19:59,5509.58,Chennai,Android,88.208.252.211,Merchant,0,0,2,0
T267329,U130,2025-04-19 11:01:05,8179.94,Bangalore,Web,238.27.60.43,P2P,1,1,9,1
T190135,U133,2025-04-19 02:48:40,12657.9,Bangalore,Android,148.76.15.199,Merchant,0,0,3,0
T234996,U141,2025-04-19 15:45:46,47709.15,Pune,iOS,111.234.187.93,Recharge,0,0,3,0
T761558,U185,2025-04-19 01:34:33,26630.59,Kolkata,Web,205.98.122.194,Recharge,0,0,2,0
T280284,U156,2025-04-19 09:55:22,21581.99,Hyderabad,Android,209.112.112.66,Recharge,0,1,1,0
T812653,U138,2025-04-19 06:01:51,10395.69,Bangalore,Web,159.128.157.206,Merchant,0,0,1,0
T417675,U195,2025-04-19 12:30:48,20966.27,Mumbai,Web,193.74.128.246,Recharge,1,1,9,1
T277513,U177,2025-04-19 00:13:17,46457.64,Kolkata,Web,222.65.219.19,P2P,0,0,1,0
T480164,U191,2025-04-19 09:45:49,16079.69,Pune,iOS,134.126.174.102,Merchant,1,0,2,0
T634743,U129,2025-04-19 19:29:19,29658.99,Mumbai,iOS,190.221.9.26,P2P,0,0,0,0
T204939,U123,2025-04-19 18:47:40,1965.86,Pune,iOS,139.110.57.58,P2P,1,0,2,0
T160318,U174,2025-04-19 07:42:31,1227.69,Chennai,Android,251.181.99.73,P2P,0,0,2,0
T656240,U173,2025-04-19 13:54:40,40175.32,Bangalore,iOS,191.153.58.28,Merchant,0,0,1,0
T476019,U111,2025-04-19 13:04:31,42669.67,Hyderabad,Android,169.226.153.142,Merchant,0,0,0,0
T961094,U151,2025-04-19 03:02:25,7951.92,Mumbai,Web,169.99.211.75,P2P,1,0,0,0
T957236,U159,2025-04-19 06:32:49,7888.53,Delhi,Android,182.187.157.211,Recharge,0,1,0,0
T934383,U106,2025-04-19 05:41:47,32849.48,Hyderabad,Android,127.222.47.82,Recharge,1,0,1,0
T237786,U106,2025-04-19 06:46:57,864.36,Mumbai,iOS,10.234.73.52,Recharge,1,1,6,1
T837861,U152,2025-04-19 14:01:12,11619.15,Kolkata,Android,188.33.151.196,P2P,0,0,2,0
T101152,U163,2025-04-19 20:40:58,11653.55,Delhi,Android,226.173.40.233,Recharge,0,0,1,0
T503976,U127,2025-04-19 06:07:43,4503.61,Chennai,Android,5.200.131.44,P2P,0,1,3,0
T597016,U172,2025-04-19 12:49:45,44296.26,Bangalore,Web,166.39.166.243,P2P,0,0,0,0
T864760,U184,2025-04-19 12:11:13,22422.5,Mumbai,iOS,3.149.251.42,Recharge,1,1,8,1
T506261,U153,2025-04-19 22:49:43,16949.12,Pune,iOS,104.251.121.113,P2P,0,0,1,0
T616810,U152,2025-04-19 04:30:47,26723.56,Pune,Android,148.129.200.223,Merchant,0,0,3,0
T958279,U111,2025-04-19 01:59:54,7553.16,Delhi,Web,51.92.92.109,Recharge,1,0,3,0
T720632,U111,2025-04-19 09:30:37,42083.76,Hyderabad,iOS,152.171.150.215,Recharge,1,1,7,1
T821530,U180,2025-04-19 00:29:20,4024.19,Hyderabad,Web,221.6.157.187,Merchant,0,0,2,0
T133741,U157,2025-04-19 10:57:34,32601.25,Chennai,Android,2.155.219.164,P2P,0,0,0,0
T973358,U175,2025-04-19 17:22:19,55.35,Chennai,Android,160.9.163.228,Merchant,0,0,3,0
T349500,U145,2025-04-19 16:50:49,34568.87,Chennai,iOS,189.106.187.208,Recharge,0,0,1,0
T856707,U128,2025-04-19 22:46:09,49271.12,Pune,iOS,225.61.56.175,Recharge,0,0,0,0
T312177,U146,2025-04-19 06:36:54,3734.72,Bangalore,iOS,167.248.224.248,P2P,1,0,2,0
T342066,U106,2025-04-19 04:23:01,31690.82,Kolkata,iOS,39.14.247.171,Merchant,1,1,6,1
T999631,U176,2025-04-19 19:02:07,9450.36,Pune,iOS,146.228.2.109,P2P,1,1,10,1
T623336,U116,2025-04-19 00:34:53,38492.72,Kolkata,Android,155.143.236.70,Recharge,0,0,1,0
T322713,U130,2025-04-19 07:01:21,44938.46,Chennai,Web,131.138.223.190,Recharge,1,0,2,0
T194093,U104,2025-04-19 03:33:39,6939.73,Hyderabad,Android,50.72.142.34,Merchant,0,0,1,0
T981285,U145,2025-04-19 09:35:34,42520.34,Chennai,iOS,242.113.5.81,Merchant,0,0,2,0
T703947,U163,2025-04-19 22:56:21,25146.88,Kolkata,iOS,197.229.89.45,Recharge,0,0,1,0
T544717,U131,2025-04-19 05:08:08,25519.24,Delhi,Web,81.28.152.65,Merchant,1,0,2,0
T653798,U121,2025-04-19 02:06:43,29211.92,Mumbai,iOS,169.129.116.225,Merchant,0,0,3,0
T606347,U165,2025-04-19 01:43:04,12141.03,Hyderabad,Web,143.157.72.51,P2P,0,0,1,0
T706293,U114,2025-04-19 09:54:58,4964.63,Hyderabad,Web,213.159.111.172,Recharge,0,1,3,0
T851668,U136,2025-04-19 16:55:40,8080.58,Bangalore,iOS,89.184.43.195,P2P,0,0,2,0
T690168,U197,2025-04-19 01:32:28,48090.47,Bangalore,Android,49.201.122.173,Recharge,0,0,2,0
T125251,U151,2025-04-19 18:30:47,27025.27,Hyderabad,Android,122.231.223.154,Recharge,0,0,2,0
T763641,U121,2025-04-19 05:43:23,15529.4,Pune,iOS,100.107.98.221,Merchant,0,0,0,0
T356080,U180,2025-04-19 11:58:28,32418.66,Mumbai,Android,176.182.119.205,P2P,0,1,1,0
T379035,U108,2025-04-19 06:13:19,36599.73,Kolkata,Web,67.245.1.145,P2P,0,0,0,0
T150749,U176,2025-04-19 08:26:29,47507.88,Kolkata,Web,111.15.130.135,Recharge,1,1,6,1
T438389,U148,2025-04-19 14:17:48,24782.28,Kolkata,Web,106.45.140.34,Merchant,0,0,2,0
T573708,U117,2025-04-19 14:12:34,13397.51,Delhi,iOS,59.6.246.70,Recharge,0,0,1,0
T483388,U126,2025-04-19 09:15:31,15201.58,Bangalore,Android,82.94.177.40,Merchant,0,1,3,0
T275650,U152,2025-04-19 09:04:21,32039.49,Kolkata,Android,9.171.56.163,Recharge,0,0,1,0
T283657,U155,2025-04-19 16:32:19,26897.72,Pune,iOS,150.45.101.107,P2P,0,1,1,0
T512931,U160,2025-04-19 18:43:14,38014.05,Mumbai,Android,16.186.248.107,Merchant,0,1,1,0
T817567,U138,2025-04-19 02:33:41,239.98,Bangalore,Web,216.83.172.185,Merchant,1,1,10,1
T363673,U194,2025-04-19 07:05:44,34755.25,Pune,Web,38.87.75.109,P2P,0,0,1,0
T313975,U150,2025-04-19 08:12:16,12890.91,Delhi,iOS,206.51.216.91,Merchant,0,0,2,0
T582854,U158,2025-04-19 16:59:15,7012.08,Chennai,Web,57.39.56.184,Merchant,0,0,1,0
T988739,U111,2025-04-19 17:23:18,39372.9,Delhi,Android,167.235.77.182,Merchant,1,0,2,0
T132092,U101,2025-04-19 04:27:58,6124.93,Delhi,iOS,117.28.4.154,Recharge,0,0,3,0
T481656,U116,2025-04-19 17:18:37,26510.94,Hyderabad,iOS,235.167.109.134,Merchant,0,0,2,0
T250797,U119,2025-04-19 00:15:29,24242.34,Chennai,Web,8.122.50.184,P2P,0,0,2,0
T837004,U199,2025-04-19 16:39:21,3328.02,Mumbai,Android,14.12.61.95,Recharge,1,0,0,0
T401996,U131,2025-04-19 13:11:36,24281.55,Delhi,Android,38.142.28.121,Merchant,0,0,3,0
T223341,U174,2025-04-19 18:46:10,9565.4,Delhi,iOS,225.29.137.107,Merchant,0,0,0,0
T511061,U173,2025-04-19 13:32:55,27273.8,Hyderabad,iOS,163.40.240.39,Merchant,1,1,7,1
T594284,U101,2025-04-19 21:31:30,3794.56,Bangalore,Android,196.27.111.103,Recharge,1,0,3,0
T146828,U132,2025-04-19 07:21:47,26050.25,Delhi,iOS,3.169.55.140,Merchant,1,1,8,1
T384882,U131,2025-04-19 10:33:56,10619.53,Bangalore,Web,200.76.246.222,P2P,0,0,0,0
T503795,U107,2025-04-19 09:12:11,30834.11,Hyderabad,Web,101.162.41.70,Merchant,0,0,2,0
T773879,U175,2025-04-19 15:42:14,9714.45,Mumbai,Android,11.9.135.35,Merchant,1,0,1,0
T770909,U151,2025-04-19 20:56:05,35576.29,Pune,iOS,221.203.90.32,P2P,0,0,3,0
T687336,U141,2025-04-19 09:50:42,9253.52,Mumbai,Android,38.140.60.47,Merchant,0,1,1,0
T796505,U146,2025-04-19 19:52:59,32738.33,Pune,iOS,94.166.154.74,P2P,0,0,0,0
T737105,U197,2025-04-19 15:50:21,28600.88,Chennai,Web,1.203.3.229,Merchant,0,0,0,0
T896016,U198,2025-04-19 07:59:22,12810.61,Pune,Web,232.176.207.14,Merchant,1,1,7,1
T939598,U106,2025-04-19 21:57:55,7975.85,Bangalore,Android,58.104.181.154,Merchant,0,0,3,0
T795305,U105,2025-04-19 08:21:44,31056.62,Chennai,Android,183.254.61.168,Merchant,1,1,9,1
T709981,U105,2025-04-19 16:20:19,38097.18,Kolkata,Android,189.232.93.4,Recharge,1,0,3,0
T154382,U197,2025-04-19 23:20:24,17842.0,Bangalore,Android,145.12.195.215,Merchant,1,0,2,0
T671341,U175,2025-04-19 12:23:24,25643.66,Chennai,iOS,135.147.148.1,Merchant,1,1,1,0
T178662,U141,2025-04-19 09:17:03,40056.46,Mumbai,Android,46.56.156.139,Merchant,0,0,2,0
T241836,U150,2025-04-19 13:40:32,30850.76,Pune,Web,21.50.167.26,Merchant,1,0,1,0
T991354,U143,2025-04-19 12:49:20,4382.9,Bangalore,Web,144.224.228.170,Merchant,0,1,3,0
T632955,U102,2025-04-19 21:19:22,36236.8,Delhi,Android,215.188.174.226,Recharge,0,0,1,0
T571162,U126,2025-04-19 14:36:01,4019.02,Mumbai,Web,63.85.102.88,P2P,0,0,3,0
T783662,U101,2025-04-19 06:27:27,21391.69,Chennai,iOS,19.146.219.150,Merchant,0,1,2,0
T945148,U177,2025-04-19 20:44:05,24527.93,Mumbai,Web,43.158.42.218,Merchant,0,0,1,0
T736142,U143,2025-04-19 15:27:39,29673.36,Bangalore,Web,185.91.182.156,P2P,0,0,2,0
T726839,U164,2025-04-19 22:09:47,29780.27,Kolkata,iOS,62.56.1.35,Merchant,0,0,2,0
T373842,U149,2025-04-19 00:35:34,26575.3,Bangalore,iOS,222.176.244.24,Recharge,0,1,1,0
T194684,U182,2025-04-19 02:17:56,14221.55,Chennai,Android,112.8.130.21,P2P,0,0,1,0
T924637,U103,2025-04-19 19:25:09,29881.65,Mumbai,Web,231.33.225.163,Recharge,0,0,2,0
T188619,U103,2025-04-19 08:38:19,33406.07,Pune,Web,167.132.201.76,P2P,0,0,0,0
T615012,U172,2025-04-19 12:05:43,45982.24,Hyderabad,Android,3.7.139.222,Recharge,0,0,0,0
T975048,U164,2025-04-19 09:08:52,13864.63,Hyderabad,iOS,157.153.227.61,P2P,0,0,0,0
T256450,U176,2025-04-19 02:08:43,292.74,Kolkata,Web,130.53.16.160,Merchant,0,0,0,0
T402627,U152,2025-04-19 05:39:14,47974.82,Kolkata,Android,105.93.194.20,Merchant,0,0,2,0
T390036,U128,2025-04-19 04:40:39,39003.49,Delhi,Web,168.126.215.249,Recharge,0,1,2,0
T435694,U144,2025-04-19 10:33:12,8316.88,Kolkata,Web,78.131.45.236,Merchant,0,0,0,0
T917140,U163,2025-04-19 18:13:49,49411.62,Chennai,Web,35.252.137.246,P2P,0,0,3,0
T712431,U136,2025-04-19 06:05:31,10024.86,Bangalore,Android,33.49.244.102,P2P,0,0,2,0
T376319,U100,2025-04-19 07:07:45,10815.6,Delhi,Android,195.92.98.245,Merchant,0,0,3,0
T168077,U157,2025-04-19 13:45:47,48435.13,Pune,Android,206.128.211.52,Recharge,1,0,3,0
T331915,U150,2025-04-19 14:35:53,37701.9,Hyderabad,Android,163.38.33.43,Recharge,0,0,0,0
T886699,U164,2025-04-19 07:34:20,15440.7,Hyderabad,Web,124.136.182.182,Recharge,1,0,3,0
T310238,U184,2025-04-19 10:10:33,15374.38,Bangalore,Android,231.54.137.86,Recharge,0,0,0,0
T258268,U112,2025-04-19 08:39:48,41594.06,Mumbai,Android,164.77.156.132,P2P,1,1,5,1
T911287,U156,2025-04-19 03:37:27,45397.49,Kolkata,Android,20.238.216.104,P2P,1,0,0,0
T184176,U125,2025-04-19 14:57:39,12463.23,Delhi,Android,151.202.126.67,Recharge,0,0,2,0
T656121,U120,2025-04-19 05:40:59,41975.16,Pune,iOS,123.16.145.130,Recharge,0,0,2,0
T701785,U161,2025-04-19 14:59:58,31030.86,Kolkata,iOS,47.130.236.54,P2P,1,0,0,0
T752391,U175,2025-04-19 07:59:19,28826.41,Bangalore,Web,79.42.116.17,Merchant,0,0,2,0
T796514,U187,2025-04-19 16:54:04,10607.35,Kolkata,Web,38.219.8.172,P2P,0,1,1,0
T762926,U166,2025-04-19 10:25:42,37496.43,Delhi,iOS,65.217.144.197,P2P,1,0,1,0
T739027,U159,2025-04-19 19:24:17,48805.94,Kolkata,Web,66.19.22.13,Recharge,0,0,2,0
T240782,U147,2025-04-19 16:55:05,42819.45,Pune,iOS,217.114.108.222,P2P,0,0,3,0
T958545,U173,2025-04-19 14:34:42,16429.23,Mumbai,iOS,174.57.82.40,Merchant,0,0,1,0
T760393,U186,2025-04-19 22:58:50,43833.35,Mumbai,iOS,122.247.12.98,P2P,0,1,3,0
T741221,U153,2025-04-19 00:13:51,22647.72,Pune,Android,187.25.114.80,Merchant,0,0,0,0
T750724,U116,2025-04-19 12:39:19,28985.31,Pune,iOS,230.238.203.179,Merchant,0,0,3,0
T866414,U147,2025-04-19 18:40:24,41740.47,Delhi,Android,137.255.222.133,Merchant,1,0,0,0
T356732,U167,2025-04-19 19:25:50,37874.67,Kolkata,Android,162.65.127.100,Merchant,0,0,1,0
T236886,U198,2025-04-19 09:25:57,31437.71,Kolkata,Web,12.153.101.33,Recharge,0,0,2,0
T481885,U125,2025-04-19 15:27:50,18790.56,Hyderabad,Android,77.44.14.64,Recharge,0,0,2,0
T443832,U139,2025-04-19 01:51:40,33169.28,Hyderabad,iOS,251.72.170.127,P2P,0,0,2,0
T128542,U110,2025-04-19 05:35:58,6258.95,Hyderabad,Web,142.249.52.202,P2P,1,1,10,1
T355061,U161,2025-04-19 02:11:53,13286.52,Pune,iOS,21.157.158.82,Merchant,0,1,3,0
T850697,U133,2025-04-19 11:45:44,26343.51,Chennai,Android,37.224.43.131,Recharge,0,0,3,0
T538686,U110,2025-04-19 17:17:12,10170.93,Chennai,Android,67.113.206.41,P2P,0,0,2,0
T479526,U127,2025-04-19 00:47:55,27330.58,Hyderabad,Web,137.142.143.22,Merchant,0,0,1,0
T352864,U197,2025-04-19 08:41:44,39456.81,Hyderabad,iOS,249.203.2.229,P2P,0,0,2,0
T737538,U121,2025-04-19 08:57:36,22044.49,Pune,Android,156.170.217.52,P2P,0,0,2,0
T896029,U168,2025-04-19 06:30:53,39315.35,Hyderabad,Web,5.60.76.92,Merchant,1,1,0,0
T349026,U198,2025-04-19 22:51:09,13517.79,Mumbai,iOS,22.192.187.26,Recharge,0,0,1,0
T982422,U127,2025-04-19 21:04:12,23266.69,Chennai,Web,115.232.35.223,Recharge,0,0,3,0
T576987,U120,2025-04-19 11:05:55,34614.94,Pune,iOS,107.119.91.165,Recharge,0,0,2,0
T451247,U197,2025-04-19 13:34:38,26483.12,Bangalore,iOS,112.98.236.236,P2P,0,0,3,0
T252225,U197,2025-04-19 09:22:03,25066.15,Mumbai,Web,160.220.63.158,P2P,1,0,3,0
T317514,U108,2025-04-19 10:07:51,21804.9,Mumbai,Web,35.79.108.12,P2P,0,0,1,0
T270273,U158,2025-04-19 17:22:21,23706.58,Chennai,iOS,168.90.125.253,Merchant,1,1,8,1
T896885,U134,2025-04-19 17:43:30,37345.14,Mumbai,Android,72.196.122.1,Recharge,1,0,0,0
T380148,U175,2025-04-19 23:34:02,930.79,Chennai,iOS,123.209.102.181,Recharge,0,0,3,0
T750736,U192,2025-04-19 08:53:56,5224.07,Bangalore,iOS,152.13.32.55,Merchant,1,1,7,1
T381424,U123,2025-04-19 05:59:45,49210.71,Bangalore,Android,188.7.202.105,Recharge,0,1,2,0
T721121,U175,2025-04-19 05:15:50,13713.12,Kolkata,Web,186.44.50.73,P2P,1,0,2,0
T806719,U155,2025-04-19 19:41:17,17751.42,Chennai,iOS,87.161.171.101,Recharge,0,0,3,0
T534626,U125,2025-04-19 02:43:02,44330.9,Kolkata,Web,211.231.97.62,Merchant,0,0,0,0
T395147,U153,2025-04-19 04:46:57,15725.53,Hyderabad,Android,15.180.59.22,Merchant,0,0,2,0
T686552,U165,2025-04-19 17:45:17,6058.83,Chennai,Web,205.167.87.121,Merchant,0,0,3,0
T527426,U109,2025-04-19 20:45:23,19585.17,Bangalore,Android,168.88.253.213,Merchant,0,0,0,0
T274971,U131,2025-04-19 16:56:23,6870.0,Bangalore,Web,87.94.202.184,Merchant,0,0,2,0
T470380,U143,2025-04-19 08:50:17,47815.66,Pune,Web,50.188.72.224,Merchant,0,1,3,0
T694684,U197,2025-04-19 14:24:08,42610.75,Pune,iOS,213.189.91.68,P2P,0,0,2,0
T826895,U128,2025-04-19 07:54:30,34333.48,Delhi,Android,58.144.146.143,Merchant,0,0,0,0
T283751,U196,2025-04-19 00:13:05,26610.72,Bangalore,Android,133.213.156.147,Recharge,1,1,5,1
T410886,U172,2025-04-19 13:28:09,48033.2,Pune,iOS,245.166.149.195,Recharge,1,1,6,1
T479235,U134,2025-04-19 16:58:30,16713.33,Hyderabad,iOS,78.141.96.223,Merchant,1,0,2,0
T604205,U147,2025-04-19 20:17:51,21062.48,Mumbai,iOS,239.104.12.220,Recharge,0,0,0,0
T422072,U184,2025-04-19 21:58:46,23736.49,Pune,Web,155.181.248.206,Recharge,1,1,9,1
T444745,U172,2025-04-19 14:40:19,44690.4,Pune,Android,214.179.59.44,P2P,0,0,3,0
T903876,U141,2025-04-19 21:39:06,6660.94,Kolkata,iOS,10.25.30.254,Merchant,0,0,2,0
T483947,U141,2025-04-19 16:44:30,19652.98,Bangalore,iOS,234.234.213.182,P2P,0,0,2,0
T403170,U148,2025-04-19 17:50:47,49104.32,Bangalore,Android,55.190.254.154,Merchant,0,0,1,0
T648581,U109,2025-04-19 02:26:50,21576.32,Chennai,Web,227.168.192.124,P2P,0,0,1,0
T686730,U102,2025-04-19 21:52:19,48081.84,Chennai,iOS,55.34.203.141,Recharge,1,0,0,0
T862087,U113,2025-04-19 00:23:21,49936.3,Bangalore,Web,72.120.62.114,Recharge,0,0,1,0
T357284,U181,2025-04-19 12:23:38,46353.2,Hyderabad,Android,216.72.26.65,Recharge,1,1,1,0
T532194,U106,2025-04-19 16:02:52,12980.32,Kolkata,Web,160.230.26.1,Merchant,0,0,1,0
T478264,U133,2025-04-19 08:37:29,28315.09,Hyderabad,iOS,153.203.202.13,Merchant,0,1,2,0
T838178,U197,2025-04-19 12:37:33,16146.38,Kolkata,iOS,255.92.252.98,Recharge,0,0,1,0
T226742,U192,2025-04-19 12:14:57,45515.73,Pune,Android,233.245.197.175,Recharge,0,0,0,0
T775106,U175,2025-04-19 07:17:39,26436.1,Mumbai,iOS,118.158.151.121,P2P,0,0,1,0
T453811,U109,2025-04-19 08:06:49,42565.83,Chennai,Android,103.118.82.43,P2P,0,0,3,0
T546829,U124,2025-04-19 14:13:15,44576.16,Chennai,Web,53.27.194.190,Recharge,0,0,3,0
T287556,U120,2025-04-19 03:46:25,9733.86,Mumbai,Android,60.60.199.37,Merchant,0,0,2,0
T792654,U115,2025-04-19 20:02:51,17813.02,Chennai,Android,14.44.17.242,P2P,0,0,3,0
T954079,U182,2025-04-19 10:02:22,23251.32,Delhi,Web,21.181.247.210,P2P,0,0,3,0
T301054,U193,2025-04-19 15:39:01,19179.44,Bangalore,iOS,24.89.111.206,P2P,0,0,2,0
T583649,U135,2025-04-19 15:01:35,30321.21,Hyderabad,iOS,54.72.56.20,P2P,1,0,0,0
T117586,U131,2025-04-19 01:07:37,21316.01,Pune,iOS,76.237.188.158,P2P,0,0,3,0
T657245,U198,2025-04-19 15:37:17,11562.93,Pune,iOS,230.175.99.110,Merchant,0,1,2,0
T884538,U135,2025-04-19 23:50:10,2057.16,Delhi,iOS,48.31.210.12,P2P,1,0,1,0
T711909,U143,2025-04-19 08:46:04,44129.45,Delhi,Web,10.250.149.42,Recharge,0,0,2,0
T885259,U186,2025-04-19 21:35:09,2319.56,Pune,Android,179.111.74.223,Recharge,0,1,0,0
T659434,U168,2025-04-19 06:45:30,36472.8,Chennai,iOS,48.244.96.159,P2P,0,0,0,0
T539731,U156,2025-04-19 13:12:24,10219.56,Hyderabad,Web,178.247.207.10,P2P,1,1,1,0
T734149,U163,2025-04-19 05:24:02,13618.74,Chennai,Web,126.165.108.4,Recharge,1,0,0,0
T639048,U152,2025-04-19 07:36:36,32120.46,Chennai,Web,247.112.250.73,P2P,0,0,0,0
T671154,U101,2025-04-19 11:20:17,12733.11,Kolkata,iOS,52.254.18.51,Recharge,1,1,7,1
T654430,U114,2025-04-19 03:35:20,16503.14,Hyderabad,iOS,180.87.157.238,Recharge,0,0,2,0
T777121,U154,2025-04-19 22:15:33,97.8,Delhi,Web,31.80.163.45,Merchant,1,0,1,0
T888035,U161,2025-04-19 19:30:16,46316.24,Mumbai,Web,107.177.50.186,Merchant,1,1,1,0
T481773,U196,2025-04-19 23:04:05,43957.21,Delhi,Android,224.9.139.171,P2P,0,0,0,0
T245653,U167,2025-04-19 06:23:38,43758.94,Mumbai,Android,234.81.42.91,P2P,0,0,2,0
T529648,U159,2025-04-19 00:09:27,44548.13,Delhi,Android,42.246.142.187,Merchant,0,0,1,0
T592740,U106,2025-04-19 09:08:06,13945.35,Kolkata,Android,34.162.39.117,Merchant,0,0,0,0
T326686,U136,2025-04-19 10:03:35,36523.7,Kolkata,iOS,255.23.238.249,Merchant,1,1,10,1
T724197,U146,2025-04-19 05:08:30,28534.19,Pune,Android,131.11.241.203,Recharge,0,1,2,0
T925814,U199,2025-04-19 00:08:11,24230.14,Kolkata,Web,13.81.141.89,P2P,1,0,1,0
T658594,U198,2025-04-19 05:59:56,16332.28,Hyderabad,Android,193.23.195.184,Recharge,0,0,0,0
T356066,U169,2025-04-19 05:09:46,24572.43,Pune,Android,248.158.159.177,Merchant,0,0,3,0
T225105,U147,2025-04-19 04:18:36,4834.61,Bangalore,iOS,153.101.226.228,Merchant,0,0,2,0
T220119,U188,2025-04-19 13:27:24,16783.83,Bangalore,Android,22.171.172.232,Recharge,0,1,0,0
T376196,U188,2025-04-19 23:36:23,38529.79,Hyderabad,Web,217.194.255.110,Recharge,0,0,0,0
T651277,U153,2025-04-19 15:07:44,26996.08,Mumbai,Web,100.27.68.57,P2P,0,0,1,0
T123429,U198,2025-04-19 06:38:02,8834.97,Bangalore,Android,49.32.142.99,Merchant,1,1,2,0
T261586,U175,2025-04-19 10:55:50,15890.94,Hyderabad,iOS,66.235.163.115,Recharge,0,0,3,0
T881503,U159,2025-04-19 09:36:54,30775.15,Kolkata,Web,167.111.89.106,Recharge,0,0,1,0
T709644,U167,2025-04-19 05:55:30,23361.14,Kolkata,Web,29.116.211.241,Merchant,1,0,3,0
T615578,U158,2025-04-19 18:44:14,42206.53,Pune,Android,253.30.232.210,P2P,0,1,1,0
T632658,U177,2025-04-19 05:23:05,40779.41,Hyderabad,Web,55.252.77.78,P2P,0,0,0,0
T230736,U176,2025-04-19 04:42:49,40062.49,Hyderabad,Android,168.171.198.160,Recharge,1,1,3,0
T306225,U119,2025-04-19 23:33:06,21446.76,Bangalore,Web,166.247.26.60,Recharge,0,0,2,0
T519485,U158,2025-04-19 04:00:25,24416.9,Mumbai,Android,39.142.186.65,P2P,0,0,3,0
T468829,U143,2025-04-19 03:42:02,30549.01,Chennai,iOS,216.56.241.38,Merchant,0,1,2,0
T448179,U179,2025-04-19 17:26:47,12033.37,Kolkata,Android,132.169.216.245,Merchant,0,0,0,0
T257789,U155,2025-04-19 09:48:33,47285.52,Bangalore,Android,242.239.151.173,P2P,1,0,1,0
T956218,U188,2025-04-19 14:25:18,24254.1,Chennai,Android,31.83.251.71,Merchant,0,0,2,0
T800065,U132,2025-04-19 15:27:58,42646.43,Hyderabad,iOS,102.249.50.62,P2P,0,0,0,0
T483851,U130,2025-04-19 20:03:50,8544.47,Kolkata,Web,171.79.54.119,Recharge,0,1,3,0
T278435,U102,2025-04-19 02:04:31,16251.16,Hyderabad,Android,135.191.6.157,P2P,0,0,1,0
T283505,U161,2025-04-19 14:17:45,20123.15,Delhi,Web,183.126.78.196,Recharge,0,0,3,0
T937012,U159,2025-04-19 04:28:20,1570.82,Bangalore,Web,42.56.86.25,Recharge,0,0,0,0
T476422,U165,2025-04-19 10:24:06,9725.06,Chennai,Android,29.181.134.255,P2P,1,0,1,0
T906523,U183,2025-04-19 22:14:24,6204.81,Hyderabad,Web,177.162.239.137,P2P,1,0,1,0
T331120,U122,2025-04-19 02:56:54,45538.15,Bangalore,iOS,59.171.18.217,Merchant,0,0,0,0
T471648,U124,2025-04-19 08:40:07,45654.28,Chennai,iOS,177.222.109.41,Recharge,0,0,3,0
T407276,U119,2025-04-19 05:11:30,45667.58,Bangalore,Android,223.222.42.37,Merchant,0,0,2,0
T696499,U110,2025-04-19 02:22:13,9774.36,Bangalore,Web,58.88.214.255,Recharge,0,0,0,0
T976327,U179,2025-04-19 22:10:07,32288.74,Kolkata,Android,108.8.8.40,Merchant,0,1,0,0
T956282,U122,2025-04-19 09:09:07,34634.77,Kolkata,iOS,151.195.15.237,Recharge,0,0,2,0
T960446,U118,2025-04-19 21:02:38,28220.35,Bangalore,iOS,23.43.22.252,Recharge,0,0,1,0
T491552,U145,2025-04-19 22:08:26,41246.63,Delhi,Web,68.151.173.20,P2P,0,0,0,0
T225086,U186,2025-04-19 06:36:48,25253.09,Bangalore,iOS,242.192.123.148,P2P,0,0,0,0
T919215,U102,2025-04-19 11:14:17,11158.52,Kolkata,Web,114.127.154.132,Recharge,0,0,2,0
T585595,U193,2025-04-19 13:22:40,28391.55,Bangalore,Web,96.136.254.200,Recharge,0,0,3,0
T914286,U127,2025-04-19 09:14:22,8108.96,Chennai,Android,152.43.74.196,Recharge,0,0,0,0
T377925,U183,2025-04-19 14:57:20,24367.03,Kolkata,Android,14.175.80.221,Recharge,0,0,1,0
T104558,U189,2025-04-19 18:32:59,832.86,Chennai,Web,61.227.218.220,Recharge,0,0,3,0
T992137,U166,2025-04-19 10:55:28,26875.13,Hyderabad,Android,189.17.221.53,Recharge,0,1,1,0
T418237,U170,2025-04-19 14:46:42,19832.42,Mumbai,iOS,170.54.4.218,P2P,0,0,2,0
T703404,U180,2025-04-19 04:51:04,14490.81,Hyderabad,Web,193.163.29.51,P2P,0,0,1,0
T915581,U190,2025-04-19 01:09:59,41496.26,Pune,iOS,70.188.18.237,Recharge,0,1,2,0
T978957,U144,2025-04-19 19:50:16,18554.78,Bangalore,Android,66.235.228.215,P2P,0,0,1,0
T649446,U159,2025-04-19 16:19:13,1764.35,Chennai,Android,204.30.248.179,Merchant,0,1,3,0
T201531,U158,2025-04-19 11:42:22,24474.95,Hyderabad,Web,126.107.230.3,Merchant,0,0,0,0
T705826,U162,2025-04-19 17:42:21,45255.29,Mumbai,Android,95.242.70.72,Recharge,1,0,0,0
T358532,U119,2025-04-19 22:14:36,12004.33,Mumbai,Android,165.139.8.206,P2P,0,0,3,0
T669950,U198,2025-04-19 12:48:37,42865.44,Mumbai,Web,224.240.144.134,Recharge,1,1,5,1
T443145,U125,2025-04-19 12:53:02,35366.26,Pune,iOS,83.86.78.17,Recharge,0,0,3,0
T993095,U184,2025-04-19 16:47:56,27101.24,Bangalore,Android,225.221.14.157,Recharge,0,0,0,0
T735187,U116,2025-04-19 12:50:52,544.96,Mumbai,iOS,143.41.14.45,Merchant,0,0,0,0
T167404,U116,2025-04-19 09:52:22,39320.97,Pune,iOS,204.5.4.215,P2P,0,0,2,0
T624452,U115,2025-04-19 14:38:14,40953.44,Kolkata,Web,123.123.64.235,P2P,0,0,2,0
T883410,U176,2025-04-19 12:22:27,30226.25,Mumbai,iOS,51.203.233.94,P2P,1,0,1,0
T870231,U164,2025-04-19 17:44:42,4436.75,Mumbai,Web,228.29.35.62,Recharge,0,0,2,0
T910383,U171,2025-04-19 07:24:45,33628.84,Delhi,iOS,222.44.236.209,Merchant,0,1,3,0
T912321,U174,2025-04-19 04:03:13,33779.82,Hyderabad,iOS,90.177.20.200,Recharge,0,0,1,0
T462860,U132,2025-04-19 08:49:55,18025.78,Delhi,iOS,148.17.217.5,Recharge,0,0,1,0
T266489,U176,2025-04-19 15:04:55,4764.45,Kolkata,iOS,33.217.56.48,Merchant,1,1,5,1
T559584,U169,2025-04-19 10:18:14,46176.56,Hyderabad,Web,105.76.227.39,P2P,0,0,0,0
T222366,U182,2025-04-19 13:25:03,32336.8,Hyderabad,Web,42.119.206.35,Recharge,1,0,2,0
T835943,U113,2025-04-19 16:35:46,5404.46,Delhi,iOS,134.160.205.85,P2P,0,0,3,0
T482034,U198,2025-04-19 12:13:07,30149.3,Delhi,Web,192.33.17.208,Merchant,0,0,3,0
T437615,U125,2025-04-19 17:49:59,27989.49,Bangalore,Web,238.194.250.198,P2P,0,0,0,0
T667647,U133,2025-04-19 09:02:25,39193.67,Bangalore,Android,85.183.160.166,Merchant,1,0,1,0
T462850,U177,2025-04-19 18:03:33,30931.48,Bangalore,Web,45.53.232.193,P2P,1,1,6,1
T182102,U170,2025-04-19 22:58:11,16222.22,Chennai,iOS,96.31.195.157,P2P,0,0,1,0
T168859,U129,2025-04-19 20:44:49,11518.47,Kolkata,Web,75.193.134.66,P2P,1,0,2,0
T844999,U148,2025-04-19 14:32:40,36929.12,Delhi,Web,140.242.185.255,Recharge,1,1,0,0
T800375,U164,2025-04-19 01:54:35,38117.99,Hyderabad,Android,86.127.139.85,P2P,0,0,3,0
T725578,U178,2025-04-19 07:17:35,1896.01,Bangalore,iOS,249.236.237.238,P2P,1,0,1,0
T281822,U111,2025-04-19 10:41:49,17555.25,Hyderabad,Android,70.170.53.34,Recharge,0,0,3,0
T799501,U109,2025-04-19 20:56:29,39400.01,Pune,Web,201.221.79.156,Recharge,0,0,0,0
T430066,U147,2025-04-19 13:06:32,8371.97,Delhi,Web,255.30.167.8,Recharge,0,0,1,0
T590867,U169,2025-04-19 00:08:00,42848.41,Kolkata,iOS,101.190.14.100,P2P,1,1,10,1
T107747,U131,2025-04-19 00:11:51,16188.4,Mumbai,iOS,156.67.27.201,Recharge,1,1,10,1
T730017,U142,2025-04-19 13:21:33,44041.81,Hyderabad,Web,117.102.36.215,Recharge,1,1,8,1
T171098,U119,2025-04-19 03:56:26,18183.27,Kolkata,iOS,34.68.65.233,Merchant,1,1,5,1
T693188,U158,2025-04-19 14:16:11,49158.68,Bangalore,iOS,63.179.216.10,Merchant,0,0,1,0
T552089,U140,2025-04-19 07:32:24,41360.42,Hyderabad,iOS,198.161.135.64,P2P,1,1,7,1
T738595,U150,2025-04-19 05:13:21,520.92,Hyderabad,Web,208.162.28.29,Recharge,1,1,5,1
T408773,U158,2025-04-19 14:21:55,12109.63,Kolkata,iOS,55.181.16.20,P2P,1,0,3,0
T863804,U164,2025-04-19 10:12:24,19663.68,Chennai,iOS,226.181.83.13,Merchant,0,0,0,0
T117415,U123,2025-04-19 19:17:40,23207.99,Chennai,iOS,55.61.49.199,P2P,1,1,7,1
T356820,U147,2025-04-19 20:56:26,29378.78,Bangalore,Android,252.124.71.213,Merchant,1,0,1,0
T955716,U113,2025-04-19 16:05:54,29038.88,Hyderabad,iOS,152.49.10.17,Recharge,0,0,3,0
T644030,U190,2025-04-19 20:02:12,18739.07,Kolkata,Android,154.164.56.211,Merchant,0,0,2,0
T195902,U192,2025-04-19 07:12:21,17851.64,Kolkata,Web,239.227.36.184,Merchant,1,1,6,1
T644804,U139,2025-04-19 05:02:22,48625.51,Kolkata,iOS,56.38.124.219,P2P,1,1,9,1
T106706,U186,2025-04-19 04:00:21,39041.27,Hyderabad,Android,221.106.104.57,Merchant,0,0,1,0
T179429,U147,2025-04-19 10:06:19,9173.24,Hyderabad,iOS,242.61.69.47,Recharge,1,0,0,0
T671238,U129,2025-04-19 22:04:43,7553.47,Mumbai,Web,157.84.130.103,Recharge,0,0,3,0
T165140,U116,2025-04-19 02:11:08,41725.2,Delhi,Android,253.131.218.59,P2P,0,0,2,0
T914903,U127,2025-04-19 03:23:39,35800.43,Delhi,Web,103.240.123.141,P2P,0,1,2,0
T250243,U182,2025-04-19 14:17:57,48394.81,Delhi,Android,48.87.75.59,Merchant,0,0,2,0
T837344,U136,2025-04-19 01:06:15,43003.42,Pune,Android,23.76.113.63,Recharge,0,0,3,0
T372795,U120,2025-04-19 12:39:20,30993.48,Hyderabad,Web,5.136.212.102,P2P,0,0,1,0
T220565,U172,2025-04-19 05:34:18,30325.77,Bangalore,Android,200.192.74.1,Merchant,0,1,0,0
T578437,U131,2025-04-19 08:09:49,29321.07,Kolkata,Web,21.122.150.127,Recharge,0,0,0,0
T296295,U111,2025-04-19 14:27:22,39295.48,Delhi,iOS,66.65.129.78,P2P,0,1,2,0
T665952,U161,2025-04-19 12:53:54,20933.43,Delhi,Web,147.117.221.166,P2P,0,0,1,0
T999776,U151,2025-04-19 22:51:16,30427.0,Bangalore,Web,201.211.29.154,Merchant,0,1,2,0
T398840,U138,2025-04-19 15:02:37,29705.05,Hyderabad,Web,38.21.71.60,Merchant,1,0,0,0
T244509,U167,2025-04-19 20:03:55,2397.84,Chennai,iOS,165.180.72.38,Recharge,1,0,3,0
T193903,U131,2025-04-19 09:45:27,1101.59,Mumbai,Web,139.81.168.103,P2P,0,0,0,0
T789149,U164,2025-04-19 15:50:14,44811.72,Delhi,Android,113.87.85.69,Recharge,0,0,2,0
T350166,U129,2025-04-19 20:36:34,24231.34,Kolkata,iOS,168.135.185.202,Merchant,1,1,9,1
T359860,U135,2025-04-19 02:05:09,6712.87,Delhi,Android,214.73.118.233,Recharge,1,0,2,0
T963103,U138,2025-04-19 14:28:30,6603.67,Mumbai,Android,161.101.155.21,Merchant,0,1,2,0
T234727,U155,2025-04-19 14:06:34,46601.28,Chennai,Web,160.35.175.33,Recharge,0,0,0,0
T404826,U187,2025-04-19 02:21:00,48759.92,Pune,iOS,135.244.52.13,Merchant,1,1,9,1
T434545,U130,2025-04-19 01:33:50,44562.49,Pune,Web,112.199.121.65,P2P,0,0,2,0
T761602,U135,2025-04-19 18:42:14,1799.97,Delhi,Web,247.11.58.205,Merchant,0,0,1,0
T860167,U159,2025-04-19 09:26:49,28110.28,Hyderabad,iOS,187.86.219.167,P2P,0,0,0,0
T347411,U187,2025-04-19 19:59:46,12818.17,Delhi,Android,30.193.5.183,Recharge,0,0,0,0
T924880,U120,2025-04-19 22:42:34,45161.97,Delhi,Android,123.176.209.232,Merchant,1,0,3,0
T571010,U135,2025-04-19 00:16:19,8183.07,Hyderabad,Android,179.204.221.251,Merchant,0,0,1,0
T303395,U193,2025-04-19 03:55:31,48502.92,Chennai,Web,206.123.131.143,P2P,0,0,0,0
T902475,U195,2025-04-19 16:16:24,17390.72,Mumbai,Android,54.44.187.24,Merchant,1,0,1,0
T669138,U165,2025-04-19 18:33:56,41433.14,Chennai,Android,87.19.189.186,Merchant,0,1,2,0
T421513,U186,2025-04-19 19:02:53,47369.47,Hyderabad,iOS,101.86.90.147,Recharge,0,0,1,0
T351175,U173,2025-04-19 20:26:01,12747.31,Kolkata,Android,234.185.197.249,Recharge,1,0,2,0
T515126,U180,2025-04-19 11:15:38,23447.42,Pune,Android,183.30.207.147,Merchant,1,1,6,1
T145289,U136,2025-04-19 20:37:44,42075.02,Chennai,iOS,188.137.59.107,Recharge,1,0,0,0
T240132,U194,2025-04-19 22:51:58,42707.57,Mumbai,Web,8.136.101.154,Merchant,0,0,2,0
T798406,U179,2025-04-19 23:20:36,25765.69,Chennai,Android,108.40.158.185,P2P,0,0,3,0
T406939,U189,2025-04-19 13:22:29,6960.37,Delhi,Android,53.42.233.173,P2P,1,1,0,0
T865167,U151,2025-04-19 02:12:17,44380.48,Bangalore,Web,241.66.165.103,Merchant,0,0,2,0
T670771,U179,2025-04-19 06:11:01,14518.91,Delhi,Web,210.83.152.189,Merchant,0,1,3,0
T785150,U143,2025-04-19 18:50:28,9921.68,Mumbai,iOS,90.228.55.230,Merchant,0,0,3,0
T553743,U147,2025-04-19 21:29:13,22913.4,Delhi,Web,138.93.98.82,Merchant,0,0,3,0
T856010,U176,2025-04-19 11:40:26,9662.85,Mumbai,Web,48.120.57.188,Recharge,0,0,2,0
T644304,U129,2025-04-19 14:56:38,30993.12,Kolkata,iOS,86.134.75.127,P2P,1,0,1,0
T845845,U129,2025-04-19 15:51:00,38892.82,Delhi,iOS,43.254.128.46,Merchant,0,0,2,0
T185275,U160,2025-04-19 00:27:54,31539.0,Bangalore,Android,107.174.146.173,P2P,0,0,3,0
T434940,U166,2025-04-19 05:28:56,44301.83,Kolkata,Android,80.236.222.95,P2P,1,0,3,0
T555261,U178,2025-04-19 09:22:54,32575.96,Delhi,Web,224.31.175.31,P2P,0,0,2,0
T470314,U185,2025-04-19 15:31:50,17391.12,Bangalore,Web,62.142.237.64,P2P,0,0,0,0
T605147,U190,2025-04-19 02:46:12,42663.16,Pune,Web,85.58.209.227,P2P,0,0,2,0
T659694,U148,2025-04-19 13:48:32,48774.8,Hyderabad,iOS,59.121.146.80,P2P,1,1,2,0
T656607,U127,2025-04-19 08:31:25,31389.92,Chennai,Web,124.242.42.20,P2P,0,1,1,0
T343211,U156,2025-04-19 20:51:09,5408.58,Hyderabad,Android,150.71.61.174,Merchant,0,0,2,0
T451835,U109,2025-04-19 03:29:11,33405.54,Delhi,Web,150.125.78.222,Merchant,0,0,1,0
T473547,U127,2025-04-19 23:22:56,27250.54,Bangalore,Web,239.24.123.90,P2P,0,1,1,0
T434256,U130,2025-04-19 13:51:16,31059.74,Kolkata,Android,122.245.203.35,Merchant,0,1,3,0
T926974,U130,2025-04-19 22:35:54,6107.85,Bangalore,iOS,8.208.205.29,Merchant,0,0,3,0
T802928,U121,2025-04-19 05:55:07,8233.43,Kolkata,iOS,81.54.16.153,Merchant,0,0,1,0
T365677,U171,2025-04-19 08:56:45,13753.86,Delhi,iOS,235.219.77.119,Merchant,0,0,3,0
T255167,U190,2025-04-19 17:19:27,15908.5,Kolkata,Android,70.154.16.54,Recharge,0,0,2,0
T554769,U159,2025-04-19 06:34:18,37348.85,Hyderabad,Android,141.7.102.11,Recharge,0,0,2,0
T883974,U145,2025-04-19 19:29:28,5606.71,Delhi,Android,250.178.184.159,Recharge,0,0,2,0
T890014,U102,2025-04-19 19:36:04,4157.93,Hyderabad,Web,166.194.24.39,P2P,0,0,1,0
T121633,U129,2025-04-19 00:04:36,11573.81,Chennai,Android,170.125.179.167,Merchant,0,1,2,0
T223776,U102,2025-04-19 11:02:35,40121.08,Bangalore,iOS,116.188.128.181,Recharge,0,0,0,0
T119082,U195,2025-04-19 19:19:05,30042.82,Hyderabad,iOS,153.114.244.104,Merchant,0,0,2,0
T577337,U171,2025-04-19 19:34:46,2280.68,Bangalore,Android,183.151.171.112,Merchant,0,1,0,0
T406395,U164,2025-04-19 18:48:55,17723.27,Delhi,Web,180.108.210.76,Recharge,0,1,1,0
T245695,U119,2025-04-19 01:25:28,44464.45,Mumbai,Android,226.37.101.85,P2P,0,0,0,0
T275539,U178,2025-04-19 15:59:31,27044.81,Kolkata,iOS,74.91.238.252,Merchant,0,0,1,0
T421944,U155,2025-04-19 15:44:44,46539.92,Mumbai,Web,52.240.79.250,Recharge,1,1,7,1
T193745,U184,2025-04-19 16:38:45,4184.0,Pune,iOS,42.63.172.179,Recharge,1,1,6,1
T850708,U108,2025-04-19 05:21:49,6046.06,Pune,iOS,25.195.205.166,Recharge,0,0,2,0
T814631,U105,2025-04-19 01:10:25,37204.8,Mumbai,iOS,167.16.163.53,Merchant,1,0,0,0
T112560,U158,2025-04-19 13:25:12,19910.98,Hyderabad,Web,190.17.107.3,Merchant,0,1,2,0
T712053,U175,2025-04-19 00:00:58,6121.19,Chennai,Android,170.202.131.119,P2P,0,0,1,0
T147029,U172,2025-04-19 07:04:41,30068.38,Delhi,iOS,37.99.158.62,P2P,0,1,1,0
T767224,U111,2025-04-19 23:18:38,49962.56,Hyderabad,Android,199.251.158.118,Merchant,0,0,0,0
T104872,U176,2025-04-19 06:54:59,6073.23,Hyderabad,Android,142.153.176.63,P2P,0,0,0,0
T357524,U185,2025-04-19 06:01:10,17568.65,Pune,Web,155.228.34.72,Merchant,0,0,1,0
T872695,U121,2025-04-19 18:02:44,19300.63,Hyderabad,iOS,90.64.97.56,Recharge,0,0,2,0
T894007,U130,2025-04-19 16:32:48,32229.18,Bangalore,Android,15.125.201.112,P2P,0,0,1,0
T552109,U141,2025-04-19 02:25:07,10391.04,Hyderabad,iOS,146.165.149.61,Merchant,0,1,1,0
T172184,U140,2025-04-19 12:08:17,7108.61,Bangalore,Android,219.114.36.120,Merchant,0,0,1,0
T790733,U113,2025-04-19 16:17:32,8928.74,Delhi,Android,5.167.187.212,P2P,0,0,3,0
T969442,U197,2025-04-19 07:11:51,14167.24,Hyderabad,Web,64.124.129.27,P2P,0,0,1,0
T682872,U130,2025-04-19 17:16:31,25121.04,Hyderabad,Android,244.16.241.45,P2P,0,0,2,0
T860569,U194,2025-04-19 09:25:17,24337.66,Mumbai,Web,109.68.114.117,P2P,0,0,0,0
T321873,U107,2025-04-19 13:15:55,4445.8,Delhi,Android,128.32.198.156,P2P,0,1,2,0
T796570,U184,2025-04-19 14:04:58,1065.31,Delhi,Web,225.205.143.77,Merchant,1,1,6,1
T703413,U128,2025-04-19 06:03:45,4135.26,Hyderabad,Android,6.8.56.60,Merchant,1,0,1,0
T215707,U151,2025-04-19 05:00:36,8622.58,Hyderabad,Android,75.9.251.123,P2P,0,0,3,0
T271398,U192,2025-04-19 01:55:31,24834.86,Bangalore,Android,57.83.255.89,P2P,0,0,2,0
T641240,U134,2025-04-19 14:21:45,4454.88,Mumbai,Web,89.135.5.76,P2P,1,0,2,0
T299584,U150,2025-04-19 20:44:33,46831.74,Pune,iOS,96.194.30.173,P2P,0,0,0,0
T129491,U173,2025-04-19 02:40:44,3487.77,Mumbai,Android,32.167.114.55,Merchant,0,0,0,0
T698753,U134,2025-04-19 15:19:37,31254.13,Chennai,Web,84.149.227.154,Recharge,0,0,1,0
T710136,U138,2025-04-19 04:05:01,48716.53,Chennai,iOS,192.25.66.134,P2P,0,0,3,0
T605259,U189,2025-04-19 11:16:52,44959.77,Mumbai,iOS,50.85.123.72,Merchant,1,0,3,0
T439254,U141,2025-04-19 11:16:16,176.91,Mumbai,iOS,62.180.44.115,P2P,1,0,0,0
T892467,U158,2025-04-19 06:04:47,37402.86,Bangalore,Web,5.104.98.117,Merchant,1,0,1,0
T547722,U191,2025-04-19 10:54:04,40025.03,Delhi,iOS,73.240.12.129,P2P,0,1,3,0
T859561,U161,2025-04-19 09:49:17,33838.88,Mumbai,Web,3.92.113.94,Recharge,0,0,3,0
T716272,U165,2025-04-19 09:50:34,14910.47,Delhi,iOS,102.64.38.71,Merchant,1,1,8,1
T460322,U189,2025-04-19 10:09:16,46694.88,Pune,Web,74.4.92.104,Recharge,1,1,1,0
T477241,U109,2025-04-19 09:52:22,35356.2,Kolkata,Android,25.140.225.170,Recharge,0,1,3,0
T714263,U193,2025-04-19 23:37:28,44669.64,Bangalore,Web,151.70.198.72,Recharge,0,0,1,0
T808909,U177,2025-04-19 23:41:06,2672.99,Hyderabad,Android,206.120.214.164,P2P,0,0,2,0
T177388,U148,2025-04-19 14:44:17,49544.27,Hyderabad,Android,39.88.88.71,P2P,0,0,2,0
T473803,U137,2025-04-19 16:13:16,18838.75,Mumbai,Android,54.201.111.69,Recharge,0,0,0,0
T707589,U105,2025-04-19 19:37:11,44573.42,Kolkata,Web,99.13.207.116,Merchant,1,0,0,0
T195214,U113,2025-04-19 15:51:32,29447.48,Chennai,iOS,32.81.255.137,P2P,1,0,0,0
T630654,U199,2025-04-19 22:40:28,12306.69,Bangalore,Web,228.165.242.198,Recharge,1,1,9,1
T141917,U132,2025-04-19 10:45:14,45879.7,Mumbai,Web,178.137.5.57,Merchant,0,0,3,0
T257489,U195,2025-04-19 08:25:15,31176.13,Hyderabad,Android,91.87.186.205,Merchant,0,0,1,0
T229867,U179,2025-04-19 12:09:04,31054.22,Pune,Android,208.84.229.182,P2P,0,0,3,0
T316470,U113,2025-04-19 07:53:03,42883.87,Kolkata,iOS,184.53.119.131,Recharge,0,0,2,0
T430517,U179,2025-04-19 02:42:32,1567.08,Delhi,Android,78.30.63.61,Merchant,1,0,0,0
T197517,U191,2025-04-19 03:59:11,32506.0,Mumbai,iOS,110.172.251.134,Recharge,1,1,10,1
T577391,U117,2025-04-19 06:43:06,23912.77,Hyderabad,Web,77.7.191.212,Merchant,1,1,2,0
T841539,U135,2025-04-19 13:16:11,5132.6,Delhi,Web,200.162.99.32,Merchant,0,0,3,0
T754863,U130,2025-04-19 15:39:49,5998.48,Bangalore,Android,122.198.235.76,Recharge,1,1,9,1
T418147,U118,2025-04-19 05:45:36,44521.02,Pune,iOS,11.99.189.1,P2P,0,1,2,0
T594757,U132,2025-04-19 21:26:48,43428.64,Hyderabad,iOS,20.119.48.168,Recharge,1,1,1,0
T481005,U182,2025-04-19 03:16:21,41090.82,Kolkata,Web,234.202.175.214,P2P,0,0,2,0
T889588,U133,2025-04-19 02:29:46,3750.62,Delhi,Web,20.175.128.210,Merchant,1,0,2,0
T384435,U118,2025-04-19 10:56:39,12771.45,Mumbai,Web,242.205.33.172,Recharge,0,1,1,0
T166008,U186,2025-04-19 13:50:27,11161.92,Pune,iOS,137.40.160.28,Merchant,1,0,1,0
T765773,U142,2025-04-19 02:31:17,15801.23,Hyderabad,Android,149.80.128.47,Merchant,0,0,0,0
T573773,U111,2025-04-19 01:20:07,12550.14,Mumbai,iOS,229.125.89.101,P2P,0,0,0,0
T360652,U123,2025-04-19 17:50:08,36505.19,Chennai,Web,12.155.169.42,P2P,0,1,2,0
T402116,U168,2025-04-19 20:04:07,23559.48,Hyderabad,iOS,194.88.30.203,Recharge,1,1,0,0
T281397,U138,2025-04-19 22:33:26,5585.38,Delhi,iOS,200.40.251.225,Merchant,1,1,9,1
T352608,U140,2025-04-19 17:35:36,20210.14,Mumbai,iOS,113.53.128.138,P2P,1,0,2,0
T603071,U161,2025-04-19 04:38:24,10828.79,Mumbai,Web,71.11.72.4,Recharge,0,1,0,0
T771299,U198,2025-04-19 08:58:44,22670.78,Hyderabad,Web,108.107.209.219,P2P,0,1,1,0
T625545,U153,2025-04-19 03:03:46,2235.18,Hyderabad,Android,143.1.159.45,P2P,0,1,0,0
T473671,U163,2025-04-19 13:26:53,18239.76,Chennai,Web,116.49.57.122,P2P,0,0,2,0
T785166,U102,2025-04-19 02:40:40,18849.6,Delhi,Web,122.251.139.101,P2P,0,0,3,0
T750932,U134,2025-04-19 20:08:39,42982.83,Delhi,iOS,227.96.84.95,Recharge,1,1,8,1
T831872,U168,2025-04-19 11:23:43,45877.1,Hyderabad,Android,164.13.140.105,P2P,1,1,5,1
T162099,U195,2025-04-19 19:35:52,6078.56,Kolkata,Android,196.98.22.175,Merchant,0,0,1,0
T828763,U116,2025-04-19 03:23:08,13813.83,Mumbai,Android,252.1.104.40,Merchant,0,1,0,0
T666326,U192,2025-04-19 09:42:47,49407.36,Mumbai,Android,142.230.159.216,P2P,0,0,1,0
T726341,U133,2025-04-19 07:09:48,3899.71,Bangalore,Web,51.41.99.75,P2P,0,0,2,0
T674651,U169,2025-04-19 13:12:31,4329.97,Mumbai,iOS,53.214.244.67,Merchant,1,0,1,0
T546221,U199,2025-04-19 18:07:33,22113.28,Chennai,Web,81.179.134.132,Recharge,1,0,3,0
T644442,U173,2025-04-19 17:45:03,26637.49,Pune,Web,7.168.249.40,Merchant,0,0,0,0
T763247,U198,2025-04-19 08:21:57,40827.69,Mumbai,Web,134.66.229.74,Merchant,1,0,2,0
T898122,U119,2025-04-19 23:23:25,14392.78,Pune,iOS,85.244.196.140,Recharge,0,0,0,0
T200907,U141,2025-04-19 01:56:33,36430.03,Pune,iOS,22.251.81.184,Recharge,1,1,2,0
T935527,U134,2025-04-19 19:41:14,23121.68,Hyderabad,iOS,242.192.26.227,Merchant,1,1,9,1
T202100,U190,2025-04-19 02:32:22,28242.46,Bangalore,Android,73.104.84.184,P2P,0,1,2,0
T336807,U164,2025-04-19 06:00:19,44769.0,Kolkata,iOS,233.173.187.162,P2P,0,0,0,0
T685143,U128,2025-04-19 23:56:15,43079.79,Mumbai,Web,85.125.7.148,Merchant,1,1,8,1
T308005,U186,2025-04-19 02:02:48,33194.48,Kolkata,Web,240.215.111.43,P2P,0,0,0,0
T911872,U192,2025-04-19 18:28:21,40779.28,Hyderabad,Android,12.83.64.33,Merchant,1,1,3,0
T503076,U156,2025-04-19 01:45:50,33065.38,Kolkata,Web,124.239.229.125,P2P,0,1,3,0
T835086,U128,2025-04-19 10:01:02,35226.35,Pune,Web,157.223.219.171,P2P,0,0,2,0
T725992,U115,2025-04-19 10:54:09,37588.57,Delhi,Web,157.5.36.17,P2P,0,0,0,0
T399665,U101,2025-04-19 06:05:40,40087.35,Mumbai,Android,11.93.201.235,Merchant,0,0,3,0
T247515,U129,2025-04-19 06:41:53,8831.9,Delhi,Android,240.143.237.175,Merchant,0,1,0,0
T304260,U130,2025-04-19 15:38:19,6928.62,Chennai,Android,208.22.55.177,Recharge,0,1,0,0
T751161,U191,2025-04-19 13:21:27,11524.02,Bangalore,iOS,35.150.246.170,P2P,1,0,3,0
T163440,U152,2025-04-19 18:55:33,41550.85,Bangalore,iOS,86.171.30.74,Recharge,0,0,0,0
T338626,U110,2025-04-19 19:31:14,42428.92,Chennai,Web,105.112.93.137,Merchant,0,1,2,0
T780128,U124,2025-04-19 20:29:38,18815.8,Hyderabad,Web,239.136.161.117,Recharge,0,1,3,0
T975144,U117,2025-04-19 17:28:43,40221.18,Kolkata,Web,52.130.207.243,Merchant,1,0,1,0
T582013,U153,2025-04-19 05:41:17,13099.4,Chennai,iOS,191.178.182.176,Merchant,0,0,0,0
T502371,U144,2025-04-19 20:37:48,12751.88,Chennai,Web,14.85.141.34,Merchant,0,0,2,0
T635909,U174,2025-04-19 03:20:06,29732.88,Chennai,iOS,40.84.115.106,P2P,0,1,2,0
T322645,U167,2025-04-19 23:02:33,8556.29,Hyderabad,Android,47.162.24.225,Merchant,1,0,1,0
T163664,U191,2025-04-19 07:29:04,12554.86,Mumbai,Android,24.251.239.71,Merchant,1,0,1,0
T275095,U136,2025-04-19 21:59:47,11827.81,Bangalore,Android,157.248.128.109,Recharge,0,0,1,0
T513719,U133,2025-04-19 23:23:51,22103.99,Kolkata,Web,255.136.25.111,Merchant,0,1,1,0
T371023,U112,2025-04-19 14:19:09,41532.99,Bangalore,Web,195.31.187.4,Recharge,0,0,3,0
T464827,U169,2025-04-19 04:23:19,25945.78,Delhi,Android,30.48.114.227,Recharge,0,0,2,0
T352209,U130,2025-04-19 04:32:26,6979.19,Pune,Web,5.240.233.231,P2P,0,0,0,0
T140146,U165,2025-04-19 23:09:43,25173.41,Pune,Web,231.238.161.56,Merchant,1,0,0,0
T970697,U140,2025-04-19 02:35:27,14417.66,Kolkata,iOS,82.84.74.246,Merchant,1,0,0,0
T235443,U180,2025-04-19 18:54:02,12100.72,Pune,iOS,45.132.149.76,P2P,1,0,0,0
T448424,U162,2025-04-19 20:22:59,24862.01,Delhi,Web,83.103.227.159,Merchant,0,0,3,0
T259045,U180,2025-04-19 06:21:55,24850.79,Mumbai,Web,37.78.228.7,Recharge,0,1,2,0
T569046,U124,2025-04-19 09:23:49,58.13,Bangalore,Android,108.88.171.157,P2P,0,0,1,0
T198127,U102,2025-04-19 23:41:54,13261.83,Pune,Web,32.127.200.123,Recharge,1,0,3,0
T501311,U199,2025-04-19 14:55:32,3992.6,Chennai,Web,103.7.247.101,Recharge,0,0,3,0
T873433,U160,2025-04-19 20:16:42,19758.26,Delhi,Web,16.227.123.100,Recharge,1,1,9,1
T750826,U105,2025-04-19 19:27:16,38703.16,Mumbai,Android,146.140.115.224,Recharge,0,0,3,0
T854280,U149,2025-04-19 23:29:17,46362.59,Hyderabad,iOS,24.34.52.32,Merchant,0,0,3,0
T119542,U129,2025-04-19 12:02:54,7443.68,Chennai,iOS,115.162.228.185,Merchant,1,0,0,0
T730831,U127,2025-04-19 09:30:43,7134.11,Mumbai,iOS,248.229.237.168,Merchant,1,0,0,0
T474729,U146,2025-04-19 19:28:01,4610.96,Kolkata,iOS,105.225.43.240,P2P,0,0,1,0
T224064,U109,2025-04-19 05:41:53,40538.74,Kolkata,iOS,134.103.72.159,P2P,0,0,3,0
T356095,U107,2025-04-19 06:07:50,15762.67,Bangalore,Web,68.186.116.208,Recharge,0,0,2,0
